old_module	new_module	old_path	new_path	action
CI2ZF.Appendix.BBRCertificate	CI2ZF.Appendix.BBR.Certificate	CI2ZF/Appendix/BBRCertificate.lean	CI2ZF/Appendix/BBR/Certificate.lean	move
CI2ZF.Appendix.BBRCertificateArithmetic	CI2ZF.Appendix.BBR.CertificateArithmetic	CI2ZF/Appendix/BBRCertificateArithmetic.lean	CI2ZF/Appendix/BBR/CertificateArithmetic.lean	move
CI2ZF.Appendix.BBRDifferential	CI2ZF.Appendix.BBR.Differential	CI2ZF/Appendix/BBRDifferential.lean	CI2ZF/Appendix/BBR/Differential.lean	move
CI2ZF.Appendix.BBRHigh	CI2ZF.Appendix.BBR.High	CI2ZF/Appendix/BBRHigh.lean	CI2ZF/Appendix/BBR/High.lean	move-and-wrapper
CI2ZF.Appendix.BBRJacobian	CI2ZF.Appendix.BBR.Jacobian	CI2ZF/Appendix/BBRJacobian.lean	CI2ZF/Appendix/BBR/Jacobian.lean	move
CI2ZF.Appendix.BBRMessages	CI2ZF.Appendix.BBR.Messages	CI2ZF/Appendix/BBRMessages.lean	CI2ZF/Appendix/BBR/Messages.lean	move
CI2ZF.Appendix.BBRParameters	CI2ZF.Appendix.BBR.Parameters	CI2ZF/Appendix/BBRParameters.lean	CI2ZF/Appendix/BBR/Parameters.lean	move
CI2ZF.Appendix.BBRRelative	CI2ZF.Appendix.BBR.Relative	CI2ZF/Appendix/BBRRelative.lean	CI2ZF/Appendix/BBR/Relative.lean	move
CI2ZF.Appendix.BBRResponse	CI2ZF.Appendix.BBR.Response	CI2ZF/Appendix/BBRResponse.lean	CI2ZF/Appendix/BBR/Response.lean	move
CI2ZF.Appendix.BBRSpatial	CI2ZF.Appendix.BBR.Spatial	CI2ZF/Appendix/BBRSpatial.lean	CI2ZF/Appendix/BBR/Spatial.lean	move
CI2ZF.Appendix.BBRTotalInfluence	CI2ZF.Appendix.BBR.TotalInfluence	CI2ZF/Appendix/BBRTotalInfluence.lean	CI2ZF/Appendix/BBR/TotalInfluence.lean	move
CI2ZF.Appendix.BBRWeights	CI2ZF.Appendix.BBR.Weights	CI2ZF/Appendix/BBRWeights.lean	CI2ZF/Appendix/BBR/Weights.lean	move
CI2ZF.Appendix.CLMMAmbient	CI2ZF.Appendix.Common.CLMM.Ambient	CI2ZF/Appendix/CLMMAmbient.lean	CI2ZF/Appendix/Common/CLMM/Ambient.lean	move
CI2ZF.Appendix.CLMMAmbientDegree	CI2ZF.Appendix.Common.CLMM.AmbientDegree	CI2ZF/Appendix/CLMMAmbientDegree.lean	CI2ZF/Appendix/Common/CLMM/AmbientDegree.lean	move
CI2ZF.Appendix.CLMMTransfer	CI2ZF.Appendix.Common.CLMM.Transfer	CI2ZF/Appendix/CLMMTransfer.lean	CI2ZF/Appendix/Common/CLMM/Transfer.lean	move-and-wrapper
CI2ZF.Appendix.CV	CI2ZF.Appendix.CV	CI2ZF/Appendix/CV.lean	CI2ZF/Appendix/CV.lean	unchanged
CI2ZF.Appendix.CVActivationEnvelope	CI2ZF.Appendix.CV.ActivationEnvelope	CI2ZF/Appendix/CVActivationEnvelope.lean	CI2ZF/Appendix/CV/ActivationEnvelope.lean	move
CI2ZF.Appendix.CVActualOne	CI2ZF.Appendix.CV.ActualOne	CI2ZF/Appendix/CVActualOne.lean	CI2ZF/Appendix/CV/ActualOne.lean	move
CI2ZF.Appendix.CVActualTwo	CI2ZF.Appendix.CV.ActualTwo	CI2ZF/Appendix/CVActualTwo.lean	CI2ZF/Appendix/CV/ActualTwo.lean	move
CI2ZF.Appendix.CVArithmetic	CI2ZF.Appendix.CV.Arithmetic	CI2ZF/Appendix/CVArithmetic.lean	CI2ZF/Appendix/CV/Arithmetic.lean	move
CI2ZF.Appendix.CVAudit	CI2ZF.Appendix.CV.Audit	CI2ZF/Appendix/CVAudit.lean	CI2ZF/Appendix/CV/Audit.lean	move
CI2ZF.Appendix.CVAveraging	CI2ZF.Appendix.CV.Averaging	CI2ZF/Appendix/CVAveraging.lean	CI2ZF/Appendix/CV/Averaging.lean	move
CI2ZF.Appendix.CVBaselinePartition	CI2ZF.Appendix.CV.BaselinePartition	CI2ZF/Appendix/CVBaselinePartition.lean	CI2ZF/Appendix/CV/BaselinePartition.lean	move
CI2ZF.Appendix.CVBinomial	CI2ZF.Appendix.CV.Binomial	CI2ZF/Appendix/CVBinomial.lean	CI2ZF/Appendix/CV/Binomial.lean	move
CI2ZF.Appendix.CVBoundary	CI2ZF.Appendix.CV.Boundary	CI2ZF/Appendix/CVBoundary.lean	CI2ZF/Appendix/CV/Boundary.lean	move
CI2ZF.Appendix.CVBranchEncoding	CI2ZF.Appendix.CV.BranchEncoding	CI2ZF/Appendix/CVBranchEncoding.lean	CI2ZF/Appendix/CV/BranchEncoding.lean	move
CI2ZF.Appendix.CVCanonical	CI2ZF.Appendix.CV.Canonical	CI2ZF/Appendix/CVCanonical.lean	CI2ZF/Appendix/CV/Canonical.lean	move
CI2ZF.Appendix.CVCanonicalCoupling	CI2ZF.Appendix.CV.CanonicalCoupling	CI2ZF/Appendix/CVCanonicalCoupling.lean	CI2ZF/Appendix/CV/CanonicalCoupling.lean	move
CI2ZF.Appendix.CVCertificate	CI2ZF.Appendix.CV.Certificate	CI2ZF/Appendix/CVCertificate.lean	CI2ZF/Appendix/CV/Certificate.lean	move
CI2ZF.Appendix.CVCoins	CI2ZF.Appendix.CV.Coins	CI2ZF/Appendix/CVCoins.lean	CI2ZF/Appendix/CV/Coins.lean	move
CI2ZF.Appendix.CVColourActivation	CI2ZF.Appendix.CV.ColourActivation	CI2ZF/Appendix/CVColourActivation.lean	CI2ZF/Appendix/CV/ColourActivation.lean	move
CI2ZF.Appendix.CVComponentCharge	CI2ZF.Appendix.CV.ComponentCharge	CI2ZF/Appendix/CVComponentCharge.lean	CI2ZF/Appendix/CV/ComponentCharge.lean	move
CI2ZF.Appendix.CVCorrectedCharge	CI2ZF.Appendix.CV.CorrectedCharge	CI2ZF/Appendix/CVCorrectedCharge.lean	CI2ZF/Appendix/CV/CorrectedCharge.lean	move
CI2ZF.Appendix.CVCoupling	CI2ZF.Appendix.CV.Coupling	CI2ZF/Appendix/CVCoupling.lean	CI2ZF/Appendix/CV/Coupling.lean	move
CI2ZF.Appendix.CVCouplingCharge	CI2ZF.Appendix.CV.CouplingCharge	CI2ZF/Appendix/CVCouplingCharge.lean	CI2ZF/Appendix/CV/CouplingCharge.lean	move
CI2ZF.Appendix.CVDiscountActivation	CI2ZF.Appendix.CV.DiscountActivation	CI2ZF/Appendix/CVDiscountActivation.lean	CI2ZF/Appendix/CV/DiscountActivation.lean	move
CI2ZF.Appendix.CVDiscountAverage	CI2ZF.Appendix.CV.DiscountAverage	CI2ZF/Appendix/CVDiscountAverage.lean	CI2ZF/Appendix/CV/DiscountAverage.lean	move
CI2ZF.Appendix.CVDiscountBlocked	CI2ZF.Appendix.CV.DiscountBlocked	CI2ZF/Appendix/CVDiscountBlocked.lean	CI2ZF/Appendix/CV/DiscountBlocked.lean	move
CI2ZF.Appendix.CVDiscountConstraints	CI2ZF.Appendix.CV.DiscountConstraints	CI2ZF/Appendix/CVDiscountConstraints.lean	CI2ZF/Appendix/CV/DiscountConstraints.lean	move
CI2ZF.Appendix.CVDiscountCredit	CI2ZF.Appendix.CV.DiscountCredit	CI2ZF/Appendix/CVDiscountCredit.lean	CI2ZF/Appendix/CV/DiscountCredit.lean	move
CI2ZF.Appendix.CVDiscountFresh	CI2ZF.Appendix.CV.DiscountFresh	CI2ZF/Appendix/CVDiscountFresh.lean	CI2ZF/Appendix/CV/DiscountFresh.lean	move
CI2ZF.Appendix.CVDiscountFreshAccount	CI2ZF.Appendix.CV.DiscountFreshAccount	CI2ZF/Appendix/CVDiscountFreshAccount.lean	CI2ZF/Appendix/CV/DiscountFreshAccount.lean	move
CI2ZF.Appendix.CVDiscountKernel	CI2ZF.Appendix.CV.DiscountKernel	CI2ZF/Appendix/CVDiscountKernel.lean	CI2ZF/Appendix/CV/DiscountKernel.lean	move
CI2ZF.Appendix.CVDiscountLoss	CI2ZF.Appendix.CV.DiscountLoss	CI2ZF/Appendix/CVDiscountLoss.lean	CI2ZF/Appendix/CV/DiscountLoss.lean	move
CI2ZF.Appendix.CVDiscountPointwise	CI2ZF.Appendix.CV.DiscountPointwise	CI2ZF/Appendix/CVDiscountPointwise.lean	CI2ZF/Appendix/CV/DiscountPointwise.lean	move
CI2ZF.Appendix.CVDiscountSingleton	CI2ZF.Appendix.CV.DiscountSingleton	CI2ZF/Appendix/CVDiscountSingleton.lean	CI2ZF/Appendix/CV/DiscountSingleton.lean	move
CI2ZF.Appendix.CVDiscountSupport	CI2ZF.Appendix.CV.DiscountSupport	CI2ZF/Appendix/CVDiscountSupport.lean	CI2ZF/Appendix/CV/DiscountSupport.lean	move
CI2ZF.Appendix.CVDiscountTotal	CI2ZF.Appendix.CV.DiscountTotal	CI2ZF/Appendix/CVDiscountTotal.lean	CI2ZF/Appendix/CV/DiscountTotal.lean	move
CI2ZF.Appendix.CVGeometricDrift	CI2ZF.Appendix.CV.GeometricDrift	CI2ZF/Appendix/CVGeometricDrift.lean	CI2ZF/Appendix/CV/GeometricDrift.lean	move
CI2ZF.Appendix.CVGeometry	CI2ZF.Appendix.CV.Geometry	CI2ZF/Appendix/CVGeometry.lean	CI2ZF/Appendix/CV/Geometry.lean	move
CI2ZF.Appendix.CVGlobalChoice	CI2ZF.Appendix.CV.GlobalChoice	CI2ZF/Appendix/CVGlobalChoice.lean	CI2ZF/Appendix/CV/GlobalChoice.lean	move
CI2ZF.Appendix.CVGlobalCoupling	CI2ZF.Appendix.CV.GlobalCoupling	CI2ZF/Appendix/CVGlobalCoupling.lean	CI2ZF/Appendix/CV/GlobalCoupling.lean	move
CI2ZF.Appendix.CVGlobalEnvelope	CI2ZF.Appendix.CV.GlobalEnvelope	CI2ZF/Appendix/CVGlobalEnvelope.lean	CI2ZF/Appendix/CV/GlobalEnvelope.lean	move
CI2ZF.Appendix.CVGlobalRegular	CI2ZF.Appendix.CV.GlobalRegular	CI2ZF/Appendix/CVGlobalRegular.lean	CI2ZF/Appendix/CV/GlobalRegular.lean	move
CI2ZF.Appendix.CVIncidenceRates	CI2ZF.Appendix.CV.IncidenceRates	CI2ZF/Appendix/CVIncidenceRates.lean	CI2ZF/Appendix/CV/IncidenceRates.lean	move
CI2ZF.Appendix.CVKernel	CI2ZF.Appendix.CV.Kernel	CI2ZF/Appendix/CVKernel.lean	CI2ZF/Appendix/CV/Kernel.lean	move
CI2ZF.Appendix.CVMaxChoice	CI2ZF.Appendix.CV.MaxChoice	CI2ZF/Appendix/CVMaxChoice.lean	CI2ZF/Appendix/CV/MaxChoice.lean	move
CI2ZF.Appendix.CVMetric	CI2ZF.Appendix.CV.Metric	CI2ZF/Appendix/CVMetric.lean	CI2ZF/Appendix/CV/Metric.lean	move
CI2ZF.Appendix.CVMoveClassification	CI2ZF.Appendix.CV.MoveClassification	CI2ZF/Appendix/CVMoveClassification.lean	CI2ZF/Appendix/CV/MoveClassification.lean	move
CI2ZF.Appendix.CVMoveMass	CI2ZF.Appendix.CV.MoveMass	CI2ZF/Appendix/CVMoveMass.lean	CI2ZF/Appendix/CV/MoveMass.lean	move
CI2ZF.Appendix.CVPieceSums	CI2ZF.Appendix.CV.PieceSums	CI2ZF/Appendix/CVPieceSums.lean	CI2ZF/Appendix/CV/PieceSums.lean	move
CI2ZF.Appendix.CVRates	CI2ZF.Appendix.CV.Rates	CI2ZF/Appendix/CVRates.lean	CI2ZF/Appendix/CV/Rates.lean	move
CI2ZF.Appendix.CVRecord	CI2ZF.Appendix.CV.Record	CI2ZF/Appendix/CVRecord.lean	CI2ZF/Appendix/CV/Record.lean	move
CI2ZF.Appendix.CVRegularCost	CI2ZF.Appendix.CV.RegularCost	CI2ZF/Appendix/CVRegularCost.lean	CI2ZF/Appendix/CV/RegularCost.lean	move
CI2ZF.Appendix.CVRegularSupport	CI2ZF.Appendix.CV.RegularSupport	CI2ZF/Appendix/CVRegularSupport.lean	CI2ZF/Appendix/CV/RegularSupport.lean	move
CI2ZF.Appendix.CVRootAllocation	CI2ZF.Appendix.CV.RootAllocation	CI2ZF/Appendix/CVRootAllocation.lean	CI2ZF/Appendix/CV/RootAllocation.lean	move
CI2ZF.Appendix.CVRootCI	CI2ZF.Appendix.CV.RootCI	CI2ZF/Appendix/CVRootCI.lean	CI2ZF/Appendix/CV/RootCI.lean	move
CI2ZF.Appendix.CVRootColourCharge	CI2ZF.Appendix.CV.RootColourCharge	CI2ZF/Appendix/CVRootColourCharge.lean	CI2ZF/Appendix/CV/RootColourCharge.lean	move
CI2ZF.Appendix.CVRootColours	CI2ZF.Appendix.CV.RootColours	CI2ZF/Appendix/CVRootColours.lean	CI2ZF/Appendix/CV/RootColours.lean	move
CI2ZF.Appendix.CVRootCost	CI2ZF.Appendix.CV.RootCost	CI2ZF/Appendix/CVRootCost.lean	CI2ZF/Appendix/CV/RootCost.lean	move
CI2ZF.Appendix.CVRootEvent	CI2ZF.Appendix.CV.RootEvent	CI2ZF/Appendix/CVRootEvent.lean	CI2ZF/Appendix/CV/RootEvent.lean	move
CI2ZF.Appendix.CVSafetyActivation	CI2ZF.Appendix.CV.SafetyActivation	CI2ZF/Appendix/CVSafetyActivation.lean	CI2ZF/Appendix/CV/SafetyActivation.lean	move
CI2ZF.Appendix.CVScalar	CI2ZF.Appendix.CV.Scalar	CI2ZF/Appendix/CVScalar.lean	CI2ZF/Appendix/CV/Scalar.lean	move
CI2ZF.Appendix.CVSelectedChoice	CI2ZF.Appendix.CV.SelectedChoice	CI2ZF/Appendix/CVSelectedChoice.lean	CI2ZF/Appendix/CV/SelectedChoice.lean	move
CI2ZF.Appendix.CVSingleBlockerActivation	CI2ZF.Appendix.CV.SingleBlockerActivation	CI2ZF/Appendix/CVSingleBlockerActivation.lean	CI2ZF/Appendix/CV/SingleBlockerActivation.lean	move
CI2ZF.Appendix.CVSingletonRegular	CI2ZF.Appendix.CV.SingletonRegular	CI2ZF/Appendix/CVSingletonRegular.lean	CI2ZF/Appendix/CV/SingletonRegular.lean	move
CI2ZF.Appendix.CVSoftEndgame	CI2ZF.Appendix.CV.SoftEndgame	CI2ZF/Appendix/CVSoftEndgame.lean	CI2ZF/Appendix/CV/SoftEndgame.lean	move
CI2ZF.Appendix.CVTransport	CI2ZF.Appendix.CV.Transport	CI2ZF/Appendix/CVTransport.lean	CI2ZF/Appendix/CV/Transport.lean	move
CI2ZF.Appendix.CVTruncation	CI2ZF.Appendix.CV.Truncation	CI2ZF/Appendix/CVTruncation.lean	CI2ZF/Appendix/CV/Truncation.lean	move
CI2ZF.Appendix.CVTwoFamily	CI2ZF.Appendix.CV.TwoFamily	CI2ZF/Appendix/CVTwoFamily.lean	CI2ZF/Appendix/CV/TwoFamily.lean	move
CI2ZF.Appendix.CVTwoIncidence	CI2ZF.Appendix.CV.TwoIncidence	CI2ZF/Appendix/CVTwoIncidence.lean	CI2ZF/Appendix/CV/TwoIncidence.lean	move
CI2ZF.Appendix.CVZeroFree	CI2ZF.Appendix.CV.ZeroFree	CI2ZF/Appendix/CVZeroFree.lean	CI2ZF/Appendix/CV/ZeroFree.lean	move-and-wrapper
CI2ZF.Appendix.CompletedRegions	CI2ZF.Appendix.CompletedRegions	CI2ZF/Appendix/CompletedRegions.lean	CI2ZF/Appendix/CompletedRegions.lean	unchanged
CI2ZF.Appendix.EdgeApproximation	CI2ZF.Appendix.Edge.Approximation	CI2ZF/Appendix/EdgeApproximation.lean	CI2ZF/Appendix/Edge/Approximation.lean	move
CI2ZF.Appendix.EdgeCoupling	CI2ZF.Appendix.Edge.Coupling	CI2ZF/Appendix/EdgeCoupling.lean	CI2ZF/Appendix/Edge/Coupling.lean	move
CI2ZF.Appendix.EdgeFiniteBoundary	CI2ZF.Appendix.Edge.Finite.Boundary	CI2ZF/Appendix/EdgeFiniteBoundary.lean	CI2ZF/Appendix/Edge/Finite/Boundary.lean	move
CI2ZF.Appendix.EdgeFiniteCI	CI2ZF.Appendix.Edge.Finite.CI	CI2ZF/Appendix/EdgeFiniteCI.lean	CI2ZF/Appendix/Edge/Finite/CI.lean	move
CI2ZF.Appendix.EdgeFiniteConditionalCosts	CI2ZF.Appendix.Edge.Finite.ConditionalCosts	CI2ZF/Appendix/EdgeFiniteConditionalCosts.lean	CI2ZF/Appendix/Edge/Finite/ConditionalCosts.lean	move
CI2ZF.Appendix.EdgeFiniteConditioning	CI2ZF.Appendix.Edge.Finite.Conditioning	CI2ZF/Appendix/EdgeFiniteConditioning.lean	CI2ZF/Appendix/Edge/Finite/Conditioning.lean	move
CI2ZF.Appendix.EdgeFiniteExposure	CI2ZF.Appendix.Edge.Finite.Exposure	CI2ZF/Appendix/EdgeFiniteExposure.lean	CI2ZF/Appendix/Edge/Finite/Exposure.lean	move
CI2ZF.Appendix.EdgeFiniteGibbs	CI2ZF.Appendix.Edge.Finite.Gibbs	CI2ZF/Appendix/EdgeFiniteGibbs.lean	CI2ZF/Appendix/Edge/Finite/Gibbs.lean	move
CI2ZF.Appendix.EdgeFiniteModel	CI2ZF.Appendix.Edge.Finite.Model	CI2ZF/Appendix/EdgeFiniteModel.lean	CI2ZF/Appendix/Edge/Finite/Model.lean	move
CI2ZF.Appendix.EdgeFiniteOdds	CI2ZF.Appendix.Edge.Finite.Odds	CI2ZF/Appendix/EdgeFiniteOdds.lean	CI2ZF/Appendix/Edge/Finite/Odds.lean	move
CI2ZF.Appendix.EdgeFinitePinning	CI2ZF.Appendix.Edge.Finite.Pinning	CI2ZF/Appendix/EdgeFinitePinning.lean	CI2ZF/Appendix/Edge/Finite/Pinning.lean	move
CI2ZF.Appendix.EdgeFiniteResidual	CI2ZF.Appendix.Edge.Finite.Residual	CI2ZF/Appendix/EdgeFiniteResidual.lean	CI2ZF/Appendix/Edge/Finite/Residual.lean	move
CI2ZF.Appendix.EdgeFiniteRestore	CI2ZF.Appendix.Edge.Finite.Restore	CI2ZF/Appendix/EdgeFiniteRestore.lean	CI2ZF/Appendix/Edge/Finite/Restore.lean	move
CI2ZF.Appendix.EdgeFiniteSlack	CI2ZF.Appendix.Edge.Finite.Slack	CI2ZF/Appendix/EdgeFiniteSlack.lean	CI2ZF/Appendix/Edge/Finite/Slack.lean	move
CI2ZF.Appendix.EdgeFiniteStep	CI2ZF.Appendix.Edge.Finite.Step	CI2ZF/Appendix/EdgeFiniteStep.lean	CI2ZF/Appendix/Edge/Finite/Step.lean	move
CI2ZF.Appendix.EdgeFiniteTransport	CI2ZF.Appendix.Edge.Finite.Transport	CI2ZF/Appendix/EdgeFiniteTransport.lean	CI2ZF/Appendix/Edge/Finite/Transport.lean	move
CI2ZF.Appendix.EdgeGeometryCI	CI2ZF.Appendix.Edge.GeometryCI	CI2ZF/Appendix/EdgeGeometryCI.lean	CI2ZF/Appendix/Edge/GeometryCI.lean	move
CI2ZF.Appendix.EdgePottsCI	CI2ZF.Appendix.Edge.PottsCI	CI2ZF/Appendix/EdgePottsCI.lean	CI2ZF/Appendix/Edge/PottsCI.lean	move
CI2ZF.Appendix.EdgePottsZeroFree	CI2ZF.Appendix.Edge.ZeroFree	CI2ZF/Appendix/EdgePottsZeroFree.lean	CI2ZF/Appendix/Edge/ZeroFree.lean	move-and-wrapper
CI2ZF.Appendix.EdgeRealRoots	CI2ZF.Appendix.Edge.RealRoots	CI2ZF/Appendix/EdgeRealRoots.lean	CI2ZF/Appendix/Edge/RealRoots.lean	move
CI2ZF.Appendix.EdgeSlotApproximation	CI2ZF.Appendix.Edge.Slots.Approximation	CI2ZF/Appendix/EdgeSlotApproximation.lean	CI2ZF/Appendix/Edge/Slots/Approximation.lean	move
CI2ZF.Appendix.EdgeSlotConditionalLimit	CI2ZF.Appendix.Edge.Slots.ConditionalLimit	CI2ZF/Appendix/EdgeSlotConditionalLimit.lean	CI2ZF/Appendix/Edge/Slots/ConditionalLimit.lean	move
CI2ZF.Appendix.EdgeSlotConditioning	CI2ZF.Appendix.Edge.Slots.Conditioning	CI2ZF/Appendix/EdgeSlotConditioning.lean	CI2ZF/Appendix/Edge/Slots/Conditioning.lean	move
CI2ZF.Appendix.EdgeSlotGraph	CI2ZF.Appendix.Edge.Slots.Graph	CI2ZF/Appendix/EdgeSlotGraph.lean	CI2ZF/Appendix/Edge/Slots/Graph.lean	move
CI2ZF.Appendix.EdgeSlotLift	CI2ZF.Appendix.Edge.Slots.Lift	CI2ZF/Appendix/EdgeSlotLift.lean	CI2ZF/Appendix/Edge/Slots/Lift.lean	move
CI2ZF.Appendix.EdgeSlotLiftBounds	CI2ZF.Appendix.Edge.Slots.LiftBounds	CI2ZF/Appendix/EdgeSlotLiftBounds.lean	CI2ZF/Appendix/Edge/Slots/LiftBounds.lean	move
CI2ZF.Appendix.EdgeSlotLiftFactorization	CI2ZF.Appendix.Edge.Slots.LiftFactorization	CI2ZF/Appendix/EdgeSlotLiftFactorization.lean	CI2ZF/Appendix/Edge/Slots/LiftFactorization.lean	move
CI2ZF.Appendix.EdgeSlotLiftLimit	CI2ZF.Appendix.Edge.Slots.LiftLimit	CI2ZF/Appendix/EdgeSlotLiftLimit.lean	CI2ZF/Appendix/Edge/Slots/LiftLimit.lean	move
CI2ZF.Appendix.EdgeSlotMoments	CI2ZF.Appendix.Edge.Slots.Moments	CI2ZF/Appendix/EdgeSlotMoments.lean	CI2ZF/Appendix/Edge/Slots/Moments.lean	move
CI2ZF.Appendix.EdgeSlotRootSemantics	CI2ZF.Appendix.Edge.Slots.RootSemantics	CI2ZF/Appendix/EdgeSlotRootSemantics.lean	CI2ZF/Appendix/Edge/Slots/RootSemantics.lean	move
CI2ZF.Appendix.EdgeSlotSimpleGraph	CI2ZF.Appendix.Edge.Slots.SimpleGraph	CI2ZF/Appendix/EdgeSlotSimpleGraph.lean	CI2ZF/Appendix/Edge/Slots/SimpleGraph.lean	move
CI2ZF.Appendix.EdgeSlotSimpleGraphBounds	CI2ZF.Appendix.Edge.Slots.SimpleGraphBounds	CI2ZF/Appendix/EdgeSlotSimpleGraphBounds.lean	CI2ZF/Appendix/Edge/Slots/SimpleGraphBounds.lean	move
CI2ZF.Appendix.EdgeSlots	CI2ZF.Appendix.Edge.Slots.Definitions	CI2ZF/Appendix/EdgeSlots.lean	CI2ZF/Appendix/Edge/Slots/Definitions.lean	move
CI2ZF.Appendix.GirthActualSchurData	CI2ZF.Appendix.Girth.Spectral.ActualSchurData	CI2ZF/Appendix/GirthActualSchurData.lean	CI2ZF/Appendix/Girth/Spectral/ActualSchurData.lean	move
CI2ZF.Appendix.GirthAdditive	CI2ZF.Appendix.Girth.Spectral.Additive	CI2ZF/Appendix/GirthAdditive.lean	CI2ZF/Appendix/Girth/Spectral/Additive.lean	move
CI2ZF.Appendix.GirthAdditiveCompression	CI2ZF.Appendix.Girth.Spectral.AdditiveCompression	CI2ZF/Appendix/GirthAdditiveCompression.lean	CI2ZF/Appendix/Girth/Spectral/AdditiveCompression.lean	move
CI2ZF.Appendix.GirthAdditiveLift	CI2ZF.Appendix.Girth.Spectral.AdditiveLift	CI2ZF/Appendix/GirthAdditiveLift.lean	CI2ZF/Appendix/Girth/Spectral/AdditiveLift.lean	move
CI2ZF.Appendix.GirthAdditiveSchur	CI2ZF.Appendix.Girth.Spectral.AdditiveSchur	CI2ZF/Appendix/GirthAdditiveSchur.lean	CI2ZF/Appendix/Girth/Spectral/AdditiveSchur.lean	move
CI2ZF.Appendix.GirthAdditiveSpace	CI2ZF.Appendix.Girth.Spectral.AdditiveSpace	CI2ZF/Appendix/GirthAdditiveSpace.lean	CI2ZF/Appendix/Girth/Spectral/AdditiveSpace.lean	move
CI2ZF.Appendix.GirthCenteredOperators	CI2ZF.Appendix.Girth.Spectral.CenteredOperators	CI2ZF/Appendix/GirthCenteredOperators.lean	CI2ZF/Appendix/Girth/Spectral/CenteredOperators.lean	move
CI2ZF.Appendix.GirthChannel	CI2ZF.Appendix.Girth.Spectral.Channel	CI2ZF/Appendix/GirthChannel.lean	CI2ZF/Appendix/Girth/Spectral/Channel.lean	move
CI2ZF.Appendix.GirthCommutingBounds	CI2ZF.Appendix.Girth.Spectral.CommutingBounds	CI2ZF/Appendix/GirthCommutingBounds.lean	CI2ZF/Appendix/Girth/Spectral/CommutingBounds.lean	move
CI2ZF.Appendix.GirthCommutingEnergy	CI2ZF.Appendix.Girth.Spectral.CommutingEnergy	CI2ZF/Appendix/GirthCommutingEnergy.lean	CI2ZF/Appendix/Girth/Spectral/CommutingEnergy.lean	move
CI2ZF.Appendix.GirthCommutingProjections	CI2ZF.Appendix.Girth.Spectral.CommutingProjections	CI2ZF/Appendix/GirthCommutingProjections.lean	CI2ZF/Appendix/Girth/Spectral/CommutingProjections.lean	move
CI2ZF.Appendix.GirthCommutingSpaces	CI2ZF.Appendix.Girth.Spectral.CommutingSpaces	CI2ZF/Appendix/GirthCommutingSpaces.lean	CI2ZF/Appendix/Girth/Spectral/CommutingSpaces.lean	move
CI2ZF.Appendix.GirthContraction	CI2ZF.Appendix.Girth.Analysis.Contraction	CI2ZF/Appendix/GirthContraction.lean	CI2ZF/Appendix/Girth/Analysis/Contraction.lean	move
CI2ZF.Appendix.GirthCovariance	CI2ZF.Appendix.Girth.Analysis.Covariance	CI2ZF/Appendix/GirthCovariance.lean	CI2ZF/Appendix/Girth/Analysis/Covariance.lean	move
CI2ZF.Appendix.GirthCovarianceConstants	CI2ZF.Appendix.Girth.Covariance.Constants	CI2ZF/Appendix/GirthCovarianceConstants.lean	CI2ZF/Appendix/Girth/Covariance/Constants.lean	move
CI2ZF.Appendix.GirthCovarianceRecursion	CI2ZF.Appendix.Girth.Covariance.Recursion	CI2ZF/Appendix/GirthCovarianceRecursion.lean	CI2ZF/Appendix/Girth/Covariance/Recursion.lean	move
CI2ZF.Appendix.GirthCovarianceThreshold	CI2ZF.Appendix.Girth.Covariance.Threshold	CI2ZF/Appendix/GirthCovarianceThreshold.lean	CI2ZF/Appendix/Girth/Covariance/Threshold.lean	move
CI2ZF.Appendix.GirthDegreeDecomposition	CI2ZF.Appendix.Girth.Spectral.DegreeDecomposition	CI2ZF/Appendix/GirthDegreeDecomposition.lean	CI2ZF/Appendix/Girth/Spectral/DegreeDecomposition.lean	move
CI2ZF.Appendix.GirthDifferential	CI2ZF.Appendix.Girth.Analysis.Differential	CI2ZF/Appendix/GirthDifferential.lean	CI2ZF/Appendix/Girth/Analysis/Differential.lean	move
CI2ZF.Appendix.GirthDoobConditioning	CI2ZF.Appendix.Girth.Covariance.Doob.Conditioning	CI2ZF/Appendix/GirthDoobConditioning.lean	CI2ZF/Appendix/Girth/Covariance/Doob/Conditioning.lean	move
CI2ZF.Appendix.GirthDoobJoint	CI2ZF.Appendix.Girth.Covariance.Doob.Joint	CI2ZF/Appendix/GirthDoobJoint.lean	CI2ZF/Appendix/Girth/Covariance/Doob/Joint.lean	move
CI2ZF.Appendix.GirthDoobKernel	CI2ZF.Appendix.Girth.Covariance.Doob.Kernel	CI2ZF/Appendix/GirthDoobKernel.lean	CI2ZF/Appendix/Girth/Covariance/Doob/Kernel.lean	move
CI2ZF.Appendix.GirthDoobPinning	CI2ZF.Appendix.Girth.Covariance.Doob.Pinning	CI2ZF/Appendix/GirthDoobPinning.lean	CI2ZF/Appendix/Girth/Covariance/Doob/Pinning.lean	move
CI2ZF.Appendix.GirthDoobPinningTransport	CI2ZF.Appendix.Girth.Covariance.Doob.PinningTransport	CI2ZF/Appendix/GirthDoobPinningTransport.lean	CI2ZF/Appendix/Girth/Covariance/Doob/PinningTransport.lean	move
CI2ZF.Appendix.GirthDoobPinningVertex	CI2ZF.Appendix.Girth.Covariance.Doob.PinningVertex	CI2ZF/Appendix/GirthDoobPinningVertex.lean	CI2ZF/Appendix/Girth/Covariance/Doob/PinningVertex.lean	move
CI2ZF.Appendix.GirthDoobResponseBounds	CI2ZF.Appendix.Girth.Covariance.Doob.ResponseBounds	CI2ZF/Appendix/GirthDoobResponseBounds.lean	CI2ZF/Appendix/Girth/Covariance/Doob/ResponseBounds.lean	move
CI2ZF.Appendix.GirthDoobReveal	CI2ZF.Appendix.Girth.Covariance.Doob.Reveal	CI2ZF/Appendix/GirthDoobReveal.lean	CI2ZF/Appendix/Girth/Covariance/Doob/Reveal.lean	move
CI2ZF.Appendix.GirthEntropy	CI2ZF.Appendix.Girth.Analysis.Entropy	CI2ZF/Appendix/GirthEntropy.lean	CI2ZF/Appendix/Girth/Analysis/Entropy.lean	move
CI2ZF.Appendix.GirthFamily	CI2ZF.Appendix.Girth.Transfer.Family	CI2ZF/Appendix/GirthFamily.lean	CI2ZF/Appendix/Girth/Transfer/Family.lean	move
CI2ZF.Appendix.GirthFiniteDifference	CI2ZF.Appendix.Girth.Analysis.FiniteDifference	CI2ZF/Appendix/GirthFiniteDifference.lean	CI2ZF/Appendix/Girth/Analysis/FiniteDifference.lean	move
CI2ZF.Appendix.GirthFiniteL2	CI2ZF.Appendix.Girth.Analysis.FiniteL2	CI2ZF/Appendix/GirthFiniteL2.lean	CI2ZF/Appendix/Girth/Analysis/FiniteL2.lean	move
CI2ZF.Appendix.GirthFiveClosedPoincare	CI2ZF.Appendix.Girth.Five.ClosedPoincare	CI2ZF/Appendix/GirthFiveClosedPoincare.lean	CI2ZF/Appendix/Girth/Five/ClosedPoincare.lean	move-and-wrapper
CI2ZF.Appendix.GirthFivePoincare	CI2ZF.Appendix.Girth.Five.Poincare	CI2ZF/Appendix/GirthFivePoincare.lean	CI2ZF/Appendix/Girth/Five/Poincare.lean	move
CI2ZF.Appendix.GirthFiveResponse	CI2ZF.Appendix.Girth.Five.Response	CI2ZF/Appendix/GirthFiveResponse.lean	CI2ZF/Appendix/Girth/Five/Response.lean	move
CI2ZF.Appendix.GirthFiveTransfer	CI2ZF.Appendix.Girth.Five.Transfer	CI2ZF/Appendix/GirthFiveTransfer.lean	CI2ZF/Appendix/Girth/Five/Transfer.lean	move
CI2ZF.Appendix.GirthFiveZeroFree	CI2ZF.Appendix.Girth.Five.ZeroFree	CI2ZF/Appendix/GirthFiveZeroFree.lean	CI2ZF/Appendix/Girth/Five/ZeroFree.lean	move-and-wrapper
CI2ZF.Appendix.GirthGeometry	CI2ZF.Appendix.Girth.Geometry	CI2ZF/Appendix/GirthGeometry.lean	CI2ZF/Appendix/Girth/Geometry.lean	move
CI2ZF.Appendix.GirthGram	CI2ZF.Appendix.Girth.Analysis.Gram	CI2ZF/Appendix/GirthGram.lean	CI2ZF/Appendix/Girth/Analysis/Gram.lean	move
CI2ZF.Appendix.GirthGraphDecomposition	CI2ZF.Appendix.Girth.Spectral.Graph.Decomposition	CI2ZF/Appendix/GirthGraphDecomposition.lean	CI2ZF/Appendix/Girth/Spectral/Graph/Decomposition.lean	move
CI2ZF.Appendix.GirthGraphGap	CI2ZF.Appendix.Girth.Spectral.Graph.Gap	CI2ZF/Appendix/GirthGraphGap.lean	CI2ZF/Appendix/Girth/Spectral/Graph/Gap.lean	move
CI2ZF.Appendix.GirthGraphHeatBath	CI2ZF.Appendix.Girth.Spectral.Graph.HeatBath	CI2ZF/Appendix/GirthGraphHeatBath.lean	CI2ZF/Appendix/Girth/Spectral/Graph/HeatBath.lean	move
CI2ZF.Appendix.GirthGraphHeatBathSystem	CI2ZF.Appendix.Girth.Spectral.Graph.HeatBathSystem	CI2ZF/Appendix/GirthGraphHeatBathSystem.lean	CI2ZF/Appendix/Girth/Spectral/Graph/HeatBathSystem.lean	move
CI2ZF.Appendix.GirthGraphHeatBathWeights	CI2ZF.Appendix.Girth.Spectral.Graph.HeatBathWeights	CI2ZF/Appendix/GirthGraphHeatBathWeights.lean	CI2ZF/Appendix/Girth/Spectral/Graph/HeatBathWeights.lean	move
CI2ZF.Appendix.GirthGraphInsertionTransport	CI2ZF.Appendix.Girth.Covariance.Graph.InsertionTransport	CI2ZF/Appendix/GirthGraphInsertionTransport.lean	CI2ZF/Appendix/Girth/Covariance/Graph/InsertionTransport.lean	move
CI2ZF.Appendix.GirthGraphMarginal	CI2ZF.Appendix.Girth.Spectral.Graph.Marginal	CI2ZF/Appendix/GirthGraphMarginal.lean	CI2ZF/Appendix/Girth/Spectral/Graph/Marginal.lean	move
CI2ZF.Appendix.GirthGraphOperators	CI2ZF.Appendix.Girth.Spectral.Graph.Operators	CI2ZF/Appendix/GirthGraphOperators.lean	CI2ZF/Appendix/Girth/Spectral/Graph/Operators.lean	move
CI2ZF.Appendix.GirthGraphPoincare	CI2ZF.Appendix.Girth.Spectral.Graph.Poincare	CI2ZF/Appendix/GirthGraphPoincare.lean	CI2ZF/Appendix/Girth/Spectral/Graph/Poincare.lean	move
CI2ZF.Appendix.GirthGraphPositivePoincare	CI2ZF.Appendix.Girth.Spectral.Graph.PositivePoincare	CI2ZF/Appendix/GirthGraphPositivePoincare.lean	CI2ZF/Appendix/Girth/Spectral/Graph/PositivePoincare.lean	move
CI2ZF.Appendix.GirthGraphReferenceRoot	CI2ZF.Appendix.Girth.Covariance.Graph.ReferenceRoot	CI2ZF/Appendix/GirthGraphReferenceRoot.lean	CI2ZF/Appendix/Girth/Covariance/Graph/ReferenceRoot.lean	move
CI2ZF.Appendix.GirthGraphResponseBlock	CI2ZF.Appendix.Girth.Covariance.Graph.ResponseBlock	CI2ZF/Appendix/GirthGraphResponseBlock.lean	CI2ZF/Appendix/Girth/Covariance/Graph/ResponseBlock.lean	move
CI2ZF.Appendix.GirthGraphResponseRoot	CI2ZF.Appendix.Girth.Covariance.Graph.ResponseRoot	CI2ZF/Appendix/GirthGraphResponseRoot.lean	CI2ZF/Appendix/Girth/Covariance/Graph/ResponseRoot.lean	move
CI2ZF.Appendix.GirthGraphStarBounds	CI2ZF.Appendix.Girth.Spectral.Graph.StarBounds	CI2ZF/Appendix/GirthGraphStarBounds.lean	CI2ZF/Appendix/Girth/Spectral/Graph/StarBounds.lean	move
CI2ZF.Appendix.GirthGraphStarCoordinates	CI2ZF.Appendix.Girth.Spectral.Graph.StarCoordinates	CI2ZF/Appendix/GirthGraphStarCoordinates.lean	CI2ZF/Appendix/Girth/Spectral/Graph/StarCoordinates.lean	move
CI2ZF.Appendix.GirthGraphStarEnergy	CI2ZF.Appendix.Girth.Spectral.Graph.StarEnergy	CI2ZF/Appendix/GirthGraphStarEnergy.lean	CI2ZF/Appendix/Girth/Spectral/Graph/StarEnergy.lean	move
CI2ZF.Appendix.GirthGraphStarLaw	CI2ZF.Appendix.Girth.Spectral.Graph.StarLaw	CI2ZF/Appendix/GirthGraphStarLaw.lean	CI2ZF/Appendix/Girth/Spectral/Graph/StarLaw.lean	move
CI2ZF.Appendix.GirthGraphStarLocal	CI2ZF.Appendix.Girth.Spectral.Graph.StarLocal	CI2ZF/Appendix/GirthGraphStarLocal.lean	CI2ZF/Appendix/Girth/Spectral/Graph/StarLocal.lean	move
CI2ZF.Appendix.GirthGraphStarModel	CI2ZF.Appendix.Girth.Spectral.Graph.StarModel	CI2ZF/Appendix/GirthGraphStarModel.lean	CI2ZF/Appendix/Girth/Spectral/Graph/StarModel.lean	move
CI2ZF.Appendix.GirthGraphStarTransfer	CI2ZF.Appendix.Girth.Spectral.Graph.StarTransfer	CI2ZF/Appendix/GirthGraphStarTransfer.lean	CI2ZF/Appendix/Girth/Spectral/Graph/StarTransfer.lean	move
CI2ZF.Appendix.GirthGraphStarWeights	CI2ZF.Appendix.Girth.Spectral.Graph.StarWeights	CI2ZF/Appendix/GirthGraphStarWeights.lean	CI2ZF/Appendix/Girth/Spectral/Graph/StarWeights.lean	move
CI2ZF.Appendix.GirthGraphSums	CI2ZF.Appendix.Girth.Spectral.Graph.Sums	CI2ZF/Appendix/GirthGraphSums.lean	CI2ZF/Appendix/Girth/Spectral/Graph/Sums.lean	move
CI2ZF.Appendix.GirthGraphTwoLayer	CI2ZF.Appendix.Girth.Covariance.Graph.TwoLayer	CI2ZF/Appendix/GirthGraphTwoLayer.lean	CI2ZF/Appendix/Girth/Covariance/Graph/TwoLayer.lean	move
CI2ZF.Appendix.GirthHeatBath	CI2ZF.Appendix.Girth.Spectral.HeatBath	CI2ZF/Appendix/GirthHeatBath.lean	CI2ZF/Appendix/Girth/Spectral/HeatBath.lean	move
CI2ZF.Appendix.GirthHigh	CI2ZF.Appendix.Girth.High.Theorem	CI2ZF/Appendix/GirthHigh.lean	CI2ZF/Appendix/Girth/High/Theorem.lean	move-and-wrapper
CI2ZF.Appendix.GirthHoeffding	CI2ZF.Appendix.Girth.Spectral.Hoeffding	CI2ZF/Appendix/GirthHoeffding.lean	CI2ZF/Appendix/Girth/Spectral/Hoeffding.lean	move
CI2ZF.Appendix.GirthInfluenceBounds	CI2ZF.Appendix.Girth.Analysis.InfluenceBounds	CI2ZF/Appendix/GirthInfluenceBounds.lean	CI2ZF/Appendix/Girth/Analysis/InfluenceBounds.lean	move
CI2ZF.Appendix.GirthInsertionActualEstimates	CI2ZF.Appendix.Girth.Covariance.Insertion.ActualEstimates	CI2ZF/Appendix/GirthInsertionActualEstimates.lean	CI2ZF/Appendix/Girth/Covariance/Insertion/ActualEstimates.lean	move
CI2ZF.Appendix.GirthInsertionAdapter	CI2ZF.Appendix.Girth.Covariance.Insertion.Adapter	CI2ZF/Appendix/GirthInsertionAdapter.lean	CI2ZF/Appendix/Girth/Covariance/Insertion/Adapter.lean	move
CI2ZF.Appendix.GirthInsertionAffine	CI2ZF.Appendix.Girth.Covariance.Insertion.Affine	CI2ZF/Appendix/GirthInsertionAffine.lean	CI2ZF/Appendix/Girth/Covariance/Insertion/Affine.lean	move
CI2ZF.Appendix.GirthInsertionBalance	CI2ZF.Appendix.Girth.Covariance.Insertion.Balance	CI2ZF/Appendix/GirthInsertionBalance.lean	CI2ZF/Appendix/Girth/Covariance/Insertion/Balance.lean	move
CI2ZF.Appendix.GirthInsertionBeta	CI2ZF.Appendix.Girth.Covariance.Insertion.Beta	CI2ZF/Appendix/GirthInsertionBeta.lean	CI2ZF/Appendix/Girth/Covariance/Insertion/Beta.lean	move
CI2ZF.Appendix.GirthInsertionCovariance	CI2ZF.Appendix.Girth.Covariance.Insertion.Covariance	CI2ZF/Appendix/GirthInsertionCovariance.lean	CI2ZF/Appendix/Girth/Covariance/Insertion/Covariance.lean	move
CI2ZF.Appendix.GirthInsertionEdge	CI2ZF.Appendix.Girth.Covariance.Insertion.Edge	CI2ZF/Appendix/GirthInsertionEdge.lean	CI2ZF/Appendix/Girth/Covariance/Insertion/Edge.lean	move
CI2ZF.Appendix.GirthInsertionFullSource	CI2ZF.Appendix.Girth.Covariance.Insertion.FullSource	CI2ZF/Appendix/GirthInsertionFullSource.lean	CI2ZF/Appendix/Girth/Covariance/Insertion/FullSource.lean	move
CI2ZF.Appendix.GirthInsertionGraph	CI2ZF.Appendix.Girth.Covariance.Insertion.Graph	CI2ZF/Appendix/GirthInsertionGraph.lean	CI2ZF/Appendix/Girth/Covariance/Insertion/Graph.lean	move
CI2ZF.Appendix.GirthInsertionGraphCoordinates	CI2ZF.Appendix.Girth.Covariance.Insertion.GraphCoordinates	CI2ZF/Appendix/GirthInsertionGraphCoordinates.lean	CI2ZF/Appendix/Girth/Covariance/Insertion/GraphCoordinates.lean	move
CI2ZF.Appendix.GirthInsertionGraphCovariance	CI2ZF.Appendix.Girth.Covariance.Insertion.GraphCovariance	CI2ZF/Appendix/GirthInsertionGraphCovariance.lean	CI2ZF/Appendix/Girth/Covariance/Insertion/GraphCovariance.lean	move
CI2ZF.Appendix.GirthInsertionGraphStatistics	CI2ZF.Appendix.Girth.Covariance.Insertion.GraphStatistics	CI2ZF/Appendix/GirthInsertionGraphStatistics.lean	CI2ZF/Appendix/Girth/Covariance/Insertion/GraphStatistics.lean	move
CI2ZF.Appendix.GirthInsertionLaw	CI2ZF.Appendix.Girth.Covariance.Insertion.Law	CI2ZF/Appendix/GirthInsertionLaw.lean	CI2ZF/Appendix/Girth/Covariance/Insertion/Law.lean	move
CI2ZF.Appendix.GirthInsertionLocalSource	CI2ZF.Appendix.Girth.Covariance.Insertion.LocalSource	CI2ZF/Appendix/GirthInsertionLocalSource.lean	CI2ZF/Appendix/Girth/Covariance/Insertion/LocalSource.lean	move
CI2ZF.Appendix.GirthInsertionPoincare	CI2ZF.Appendix.Girth.Covariance.Insertion.Poincare	CI2ZF/Appendix/GirthInsertionPoincare.lean	CI2ZF/Appendix/Girth/Covariance/Insertion/Poincare.lean	move
CI2ZF.Appendix.GirthInsertionScalar	CI2ZF.Appendix.Girth.Covariance.Insertion.Scalar	CI2ZF/Appendix/GirthInsertionScalar.lean	CI2ZF/Appendix/Girth/Covariance/Insertion/Scalar.lean	move
CI2ZF.Appendix.GirthJacobian	CI2ZF.Appendix.Girth.Analysis.Jacobian	CI2ZF/Appendix/GirthJacobian.lean	CI2ZF/Appendix/Girth/Analysis/Jacobian.lean	move
CI2ZF.Appendix.GirthLevels	CI2ZF.Appendix.Girth.Tree.Levels	CI2ZF/Appendix/GirthLevels.lean	CI2ZF/Appendix/Girth/Tree/Levels.lean	move
CI2ZF.Appendix.GirthMarginal	CI2ZF.Appendix.Girth.Analysis.Marginal	CI2ZF/Appendix/GirthMarginal.lean	CI2ZF/Appendix/Girth/Analysis/Marginal.lean	move
CI2ZF.Appendix.GirthMeanZero	CI2ZF.Appendix.Girth.Spectral.MeanZero	CI2ZF/Appendix/GirthMeanZero.lean	CI2ZF/Appendix/Girth/Spectral/MeanZero.lean	move
CI2ZF.Appendix.GirthMessages	CI2ZF.Appendix.Girth.Analysis.Messages	CI2ZF/Appendix/GirthMessages.lean	CI2ZF/Appendix/Girth/Analysis/Messages.lean	move
CI2ZF.Appendix.GirthOccupancy	CI2ZF.Appendix.Girth.Spectral.Occupancy	CI2ZF/Appendix/GirthOccupancy.lean	CI2ZF/Appendix/Girth/Spectral/Occupancy.lean	move
CI2ZF.Appendix.GirthOneEdge	CI2ZF.Appendix.Girth.Analysis.OneEdge	CI2ZF/Appendix/GirthOneEdge.lean	CI2ZF/Appendix/Girth/Analysis/OneEdge.lean	move
CI2ZF.Appendix.GirthParameters	CI2ZF.Appendix.Girth.Analysis.Parameters	CI2ZF/Appendix/GirthParameters.lean	CI2ZF/Appendix/Girth/Analysis/Parameters.lean	move
CI2ZF.Appendix.GirthPartialAverage	CI2ZF.Appendix.Girth.Spectral.PartialAverage	CI2ZF/Appendix/GirthPartialAverage.lean	CI2ZF/Appendix/Girth/Spectral/PartialAverage.lean	move
CI2ZF.Appendix.GirthPlusOperators	CI2ZF.Appendix.Girth.Spectral.PlusOperators	CI2ZF/Appendix/GirthPlusOperators.lean	CI2ZF/Appendix/Girth/Spectral/PlusOperators.lean	move
CI2ZF.Appendix.GirthPotential	CI2ZF.Appendix.Girth.Analysis.Potential	CI2ZF/Appendix/GirthPotential.lean	CI2ZF/Appendix/Girth/Analysis/Potential.lean	move
CI2ZF.Appendix.GirthProduct	CI2ZF.Appendix.Girth.Analysis.Product	CI2ZF/Appendix/GirthProduct.lean	CI2ZF/Appendix/Girth/Analysis/Product.lean	move
CI2ZF.Appendix.GirthProjectionBlocks	CI2ZF.Appendix.Girth.Spectral.ProjectionBlocks	CI2ZF/Appendix/GirthProjectionBlocks.lean	CI2ZF/Appendix/Girth/Spectral/ProjectionBlocks.lean	move
CI2ZF.Appendix.GirthRatioMixing	CI2ZF.Appendix.Girth.Tree.RatioMixing	CI2ZF/Appendix/GirthRatioMixing.lean	CI2ZF/Appendix/Girth/Tree/RatioMixing.lean	move
CI2ZF.Appendix.GirthReferenceMarginal	CI2ZF.Appendix.Girth.Covariance.Reference.Marginal	CI2ZF/Appendix/GirthReferenceMarginal.lean	CI2ZF/Appendix/Girth/Covariance/Reference/Marginal.lean	move
CI2ZF.Appendix.GirthReferenceResponse	CI2ZF.Appendix.Girth.Covariance.Reference.Response	CI2ZF/Appendix/GirthReferenceResponse.lean	CI2ZF/Appendix/Girth/Covariance/Reference/Response.lean	move
CI2ZF.Appendix.GirthRelative	CI2ZF.Appendix.Girth.Tree.Relative	CI2ZF/Appendix/GirthRelative.lean	CI2ZF/Appendix/Girth/Tree/Relative.lean	move
CI2ZF.Appendix.GirthResidualOriginal	CI2ZF.Appendix.Girth.Transfer.ResidualOriginal	CI2ZF/Appendix/GirthResidualOriginal.lean	CI2ZF/Appendix/Girth/Transfer/ResidualOriginal.lean	move-and-wrapper
CI2ZF.Appendix.GirthResponseBlockBound	CI2ZF.Appendix.Girth.Covariance.Response.BlockBound	CI2ZF/Appendix/GirthResponseBlockBound.lean	CI2ZF/Appendix/Girth/Covariance/Response/BlockBound.lean	move
CI2ZF.Appendix.GirthResponseConstants	CI2ZF.Appendix.Girth.Covariance.Response.Constants	CI2ZF/Appendix/GirthResponseConstants.lean	CI2ZF/Appendix/Girth/Covariance/Response/Constants.lean	move
CI2ZF.Appendix.GirthResponseGraphShell	CI2ZF.Appendix.Girth.Covariance.Response.GraphShell	CI2ZF/Appendix/GirthResponseGraphShell.lean	CI2ZF/Appendix/Girth/Covariance/Response/GraphShell.lean	move
CI2ZF.Appendix.GirthResponseInduction	CI2ZF.Appendix.Girth.Covariance.Response.Induction	CI2ZF/Appendix/GirthResponseInduction.lean	CI2ZF/Appendix/Girth/Covariance/Response/Induction.lean	move
CI2ZF.Appendix.GirthResponseInsertion	CI2ZF.Appendix.Girth.Covariance.Response.Insertion	CI2ZF/Appendix/GirthResponseInsertion.lean	CI2ZF/Appendix/Girth/Covariance/Response/Insertion.lean	move
CI2ZF.Appendix.GirthResponseInstance	CI2ZF.Appendix.Girth.Covariance.Response.Instance	CI2ZF/Appendix/GirthResponseInstance.lean	CI2ZF/Appendix/Girth/Covariance/Response/Instance.lean	move
CI2ZF.Appendix.GirthResponseOptionStep	CI2ZF.Appendix.Girth.Covariance.Response.OptionStep	CI2ZF/Appendix/GirthResponseOptionStep.lean	CI2ZF/Appendix/Girth/Covariance/Response/OptionStep.lean	move
CI2ZF.Appendix.GirthResponseOscillation	CI2ZF.Appendix.Girth.Covariance.Response.Oscillation	CI2ZF/Appendix/GirthResponseOscillation.lean	CI2ZF/Appendix/Girth/Covariance/Response/Oscillation.lean	move
CI2ZF.Appendix.GirthResponseRelabel	CI2ZF.Appendix.Girth.Covariance.Response.Relabel	CI2ZF/Appendix/GirthResponseRelabel.lean	CI2ZF/Appendix/Girth/Covariance/Response/Relabel.lean	move
CI2ZF.Appendix.GirthResponseScore	CI2ZF.Appendix.Girth.Covariance.Response.Score	CI2ZF/Appendix/GirthResponseScore.lean	CI2ZF/Appendix/Girth/Covariance/Response/Score.lean	move
CI2ZF.Appendix.GirthResponseSeparatorSource	CI2ZF.Appendix.Girth.Covariance.Response.SeparatorSource	CI2ZF/Appendix/GirthResponseSeparatorSource.lean	CI2ZF/Appendix/Girth/Covariance/Response/SeparatorSource.lean	move
CI2ZF.Appendix.GirthResponseShell	CI2ZF.Appendix.Girth.Covariance.Response.Shell	CI2ZF/Appendix/GirthResponseShell.lean	CI2ZF/Appendix/Girth/Covariance/Response/Shell.lean	move
CI2ZF.Appendix.GirthResponseSourceBounds	CI2ZF.Appendix.Girth.Covariance.Response.SourceBounds	CI2ZF/Appendix/GirthResponseSourceBounds.lean	CI2ZF/Appendix/Girth/Covariance/Response/SourceBounds.lean	move
CI2ZF.Appendix.GirthResponseStep	CI2ZF.Appendix.Girth.Covariance.Response.Step	CI2ZF/Appendix/GirthResponseStep.lean	CI2ZF/Appendix/Girth/Covariance/Response/Step.lean	move
CI2ZF.Appendix.GirthScalarCalculus	CI2ZF.Appendix.Girth.Covariance.ScalarCalculus	CI2ZF/Appendix/GirthScalarCalculus.lean	CI2ZF/Appendix/Girth/Covariance/ScalarCalculus.lean	move
CI2ZF.Appendix.GirthScaled	CI2ZF.Appendix.Girth.Analysis.Scaled	CI2ZF/Appendix/GirthScaled.lean	CI2ZF/Appendix/Girth/Analysis/Scaled.lean	move
CI2ZF.Appendix.GirthSchurCross	CI2ZF.Appendix.Girth.Spectral.SchurCross	CI2ZF/Appendix/GirthSchurCross.lean	CI2ZF/Appendix/Girth/Spectral/SchurCross.lean	move
CI2ZF.Appendix.GirthSchurData	CI2ZF.Appendix.Girth.Spectral.SchurData	CI2ZF/Appendix/GirthSchurData.lean	CI2ZF/Appendix/Girth/Spectral/SchurData.lean	move
CI2ZF.Appendix.GirthSchurEstimate	CI2ZF.Appendix.Girth.Spectral.SchurEstimate	CI2ZF/Appendix/GirthSchurEstimate.lean	CI2ZF/Appendix/Girth/Spectral/SchurEstimate.lean	move
CI2ZF.Appendix.GirthSchurFull	CI2ZF.Appendix.Girth.Spectral.SchurFull	CI2ZF/Appendix/GirthSchurFull.lean	CI2ZF/Appendix/Girth/Spectral/SchurFull.lean	move
CI2ZF.Appendix.GirthSchurLinear	CI2ZF.Appendix.Girth.Spectral.SchurLinear	CI2ZF/Appendix/GirthSchurLinear.lean	CI2ZF/Appendix/Girth/Spectral/SchurLinear.lean	move
CI2ZF.Appendix.GirthSchurSector	CI2ZF.Appendix.Girth.Spectral.SchurSector	CI2ZF/Appendix/GirthSchurSector.lean	CI2ZF/Appendix/Girth/Spectral/SchurSector.lean	move
CI2ZF.Appendix.GirthSectorRepresentation	CI2ZF.Appendix.Girth.Spectral.SectorRepresentation	CI2ZF/Appendix/GirthSectorRepresentation.lean	CI2ZF/Appendix/Girth/Spectral/SectorRepresentation.lean	move
CI2ZF.Appendix.GirthSingleton	CI2ZF.Appendix.Girth.Spectral.Singleton	CI2ZF/Appendix/GirthSingleton.lean	CI2ZF/Appendix/Girth/Spectral/Singleton.lean	move
CI2ZF.Appendix.GirthSingletonCompression	CI2ZF.Appendix.Girth.Spectral.SingletonCompression	CI2ZF/Appendix/GirthSingletonCompression.lean	CI2ZF/Appendix/Girth/Spectral/SingletonCompression.lean	move
CI2ZF.Appendix.GirthSingletonExpansion	CI2ZF.Appendix.Girth.Spectral.SingletonExpansion	CI2ZF/Appendix/GirthSingletonExpansion.lean	CI2ZF/Appendix/Girth/Spectral/SingletonExpansion.lean	move
CI2ZF.Appendix.GirthSpatial	CI2ZF.Appendix.Girth.Tree.Spatial	CI2ZF/Appendix/GirthSpatial.lean	CI2ZF/Appendix/Girth/Tree/Spatial.lean	move
CI2ZF.Appendix.GirthSphereCoupling	CI2ZF.Appendix.Girth.Transfer.SphereCoupling	CI2ZF/Appendix/GirthSphereCoupling.lean	CI2ZF/Appendix/Girth/Transfer/SphereCoupling.lean	move
CI2ZF.Appendix.GirthStar	CI2ZF.Appendix.Girth.Spectral.Star	CI2ZF/Appendix/GirthStar.lean	CI2ZF/Appendix/Girth/Spectral/Star.lean	move
CI2ZF.Appendix.GirthStarBlocks	CI2ZF.Appendix.Girth.Spectral.StarBlocks	CI2ZF/Appendix/GirthStarBlocks.lean	CI2ZF/Appendix/Girth/Spectral/StarBlocks.lean	move
CI2ZF.Appendix.GirthStarCentre	CI2ZF.Appendix.Girth.Spectral.StarCentre	CI2ZF/Appendix/GirthStarCentre.lean	CI2ZF/Appendix/Girth/Spectral/StarCentre.lean	move
CI2ZF.Appendix.GirthStarIncidence	CI2ZF.Appendix.Girth.Spectral.StarIncidence	CI2ZF/Appendix/GirthStarIncidence.lean	CI2ZF/Appendix/Girth/Spectral/StarIncidence.lean	move
CI2ZF.Appendix.GirthStarL2	CI2ZF.Appendix.Girth.Spectral.StarL2	CI2ZF/Appendix/GirthStarL2.lean	CI2ZF/Appendix/Girth/Spectral/StarL2.lean	move
CI2ZF.Appendix.GirthStarOperators	CI2ZF.Appendix.Girth.Spectral.StarOperators	CI2ZF/Appendix/GirthStarOperators.lean	CI2ZF/Appendix/Girth/Spectral/StarOperators.lean	move
CI2ZF.Appendix.GirthStarRaw	CI2ZF.Appendix.Girth.Spectral.StarRaw	CI2ZF/Appendix/GirthStarRaw.lean	CI2ZF/Appendix/Girth/Spectral/StarRaw.lean	move
CI2ZF.Appendix.GirthStarSchur	CI2ZF.Appendix.Girth.Spectral.StarSchur	CI2ZF/Appendix/GirthStarSchur.lean	CI2ZF/Appendix/Girth/Spectral/StarSchur.lean	move
CI2ZF.Appendix.GirthSubsetSums	CI2ZF.Appendix.Girth.Spectral.SubsetSums	CI2ZF/Appendix/GirthSubsetSums.lean	CI2ZF/Appendix/Girth/Spectral/SubsetSums.lean	move
CI2ZF.Appendix.GirthSupportTrim	CI2ZF.Appendix.Girth.Spectral.SupportTrim	CI2ZF/Appendix/GirthSupportTrim.lean	CI2ZF/Appendix/Girth/Spectral/SupportTrim.lean	move
CI2ZF.Appendix.GirthSupportedOperator	CI2ZF.Appendix.Girth.Spectral.SupportedOperator	CI2ZF/Appendix/GirthSupportedOperator.lean	CI2ZF/Appendix/Girth/Spectral/SupportedOperator.lean	move
CI2ZF.Appendix.GirthSupportedSpace	CI2ZF.Appendix.Girth.Spectral.SupportedSpace	CI2ZF/Appendix/GirthSupportedSpace.lean	CI2ZF/Appendix/Girth/Spectral/SupportedSpace.lean	move
CI2ZF.Appendix.GirthThreshold	CI2ZF.Appendix.Girth.Spectral.Threshold	CI2ZF/Appendix/GirthThreshold.lean	CI2ZF/Appendix/Girth/Spectral/Threshold.lean	move
CI2ZF.Appendix.GirthTotalInfluence	CI2ZF.Appendix.Girth.Tree.TotalInfluence	CI2ZF/Appendix/GirthTotalInfluence.lean	CI2ZF/Appendix/Girth/Tree/TotalInfluence.lean	move
CI2ZF.Appendix.GirthTreeDecay	CI2ZF.Appendix.Girth.Tree.Decay	CI2ZF/Appendix/GirthTreeDecay.lean	CI2ZF/Appendix/Girth/Tree/Decay.lean	move
CI2ZF.Appendix.GirthTreeGibbs	CI2ZF.Appendix.Girth.Tree.Gibbs	CI2ZF/Appendix/GirthTreeGibbs.lean	CI2ZF/Appendix/Girth/Tree/Gibbs.lean	move
CI2ZF.Appendix.GirthTreeInfluence	CI2ZF.Appendix.Girth.Tree.Influence	CI2ZF/Appendix/GirthTreeInfluence.lean	CI2ZF/Appendix/Girth/Tree/Influence.lean	move
CI2ZF.Appendix.GirthTreeMessages	CI2ZF.Appendix.Girth.Tree.Messages	CI2ZF/Appendix/GirthTreeMessages.lean	CI2ZF/Appendix/Girth/Tree/Messages.lean	move
CI2ZF.Appendix.GirthUniformSourceAdapter	CI2ZF.Appendix.Girth.Covariance.Response.UniformSourceAdapter	CI2ZF/Appendix/GirthUniformSourceAdapter.lean	CI2ZF/Appendix/Girth/Covariance/Response/UniformSourceAdapter.lean	move
CI2ZF.Appendix.GirthWeightedInfluence	CI2ZF.Appendix.Girth.Transfer.WeightedInfluence	CI2ZF/Appendix/GirthWeightedInfluence.lean	CI2ZF/Appendix/Girth/Transfer/WeightedInfluence.lean	move
CI2ZF.Appendix.HighTemperature	CI2ZF.Appendix.HighTemperature.Coupling	CI2ZF/Appendix/HighTemperature.lean	CI2ZF/Appendix/HighTemperature/Coupling.lean	move
CI2ZF.Appendix.HighTemperatureZeroFree	CI2ZF.Appendix.HighTemperature.ZeroFree	CI2ZF/Appendix/HighTemperatureZeroFree.lean	CI2ZF/Appendix/HighTemperature/ZeroFree.lean	move-and-wrapper
CI2ZF.Appendix.NearVigoda	CI2ZF.Appendix.NearVigoda.Theorem	CI2ZF/Appendix/NearVigoda.lean	CI2ZF/Appendix/NearVigoda/Theorem.lean	move-and-wrapper
CI2ZF.Appendix.Regimes	CI2ZF.Appendix.Regimes	CI2ZF/Appendix/Regimes.lean	CI2ZF/Appendix/Regimes.lean	unchanged
