old_path	new_path
CI2ZF/ActivationAverage.lean	CI2ZF/Coupling/Vigoda/ActivationAverage.lean
CI2ZF/ActivationCharge.lean	CI2ZF/Coupling/Vigoda/ActivationCharge.lean
CI2ZF/ActivationLaw.lean	CI2ZF/Coupling/Vigoda/ActivationLaw.lean
CI2ZF/ActiveDegree.lean	CI2ZF/Coupling/Vigoda/ActiveDegree.lean
CI2ZF/AmbientRealization.lean	CI2ZF/Potts/Geometry/AmbientRealization.lean
CI2ZF/AnalyticComplexAverage.lean	CI2ZF/Analysis/AnalyticComplexAverage.lean
CI2ZF/AnalyticLog.lean	CI2ZF/Analysis/AnalyticLog.lean
CI2ZF/Appendix/BBR/Certificate.lean	CI2ZF/Coupling/BBR/Certificate.lean
CI2ZF/Appendix/BBR/CertificateArithmetic.lean	CI2ZF/Coupling/BBR/CertificateArithmetic.lean
CI2ZF/Appendix/BBR/Differential.lean	CI2ZF/Coupling/BBR/Differential.lean
CI2ZF/Appendix/BBR/High.lean	CI2ZF/Potts/Regions/BBR/High.lean
CI2ZF/Appendix/BBR/Jacobian.lean	CI2ZF/Coupling/BBR/Jacobian.lean
CI2ZF/Appendix/BBR/Messages.lean	CI2ZF/Coupling/BBR/Messages.lean
CI2ZF/Appendix/BBR/Parameters.lean	CI2ZF/Coupling/BBR/Parameters.lean
CI2ZF/Appendix/BBR/Relative.lean	CI2ZF/Coupling/BBR/Relative.lean
CI2ZF/Appendix/BBR/Response.lean	CI2ZF/Coupling/BBR/Response.lean
CI2ZF/Appendix/BBR/Spatial.lean	CI2ZF/Coupling/BBR/Spatial.lean
CI2ZF/Appendix/BBR/TotalInfluence.lean	CI2ZF/Coupling/BBR/TotalInfluence.lean
CI2ZF/Appendix/BBR/Weights.lean	CI2ZF/Coupling/BBR/Weights.lean
CI2ZF/Appendix/CV.lean	CI2ZF/Potts/Regions/CV.lean
CI2ZF/Appendix/CV/ActivationEnvelope.lean	CI2ZF/Coupling/CV/ActivationEnvelope.lean
CI2ZF/Appendix/CV/ActualOne.lean	CI2ZF/Coupling/CV/ActualOne.lean
CI2ZF/Appendix/CV/ActualTwo.lean	CI2ZF/Coupling/CV/ActualTwo.lean
CI2ZF/Appendix/CV/Arithmetic.lean	CI2ZF/Coupling/CV/Arithmetic.lean
CI2ZF/Appendix/CV/Audit.lean	audit/CV.lean
CI2ZF/Appendix/CV/Averaging.lean	CI2ZF/Coupling/CV/Averaging.lean
CI2ZF/Appendix/CV/BaselinePartition.lean	CI2ZF/Coupling/CV/BaselinePartition.lean
CI2ZF/Appendix/CV/Binomial.lean	CI2ZF/Coupling/CV/Binomial.lean
CI2ZF/Appendix/CV/Boundary.lean	CI2ZF/Coupling/CV/Boundary.lean
CI2ZF/Appendix/CV/BranchEncoding.lean	CI2ZF/Coupling/CV/BranchEncoding.lean
CI2ZF/Appendix/CV/Canonical.lean	CI2ZF/Coupling/CV/Canonical.lean
CI2ZF/Appendix/CV/CanonicalCoupling.lean	CI2ZF/Coupling/CV/CanonicalCoupling.lean
CI2ZF/Appendix/CV/Certificate.lean	CI2ZF/Coupling/CV/Certificate.lean
CI2ZF/Appendix/CV/Coins.lean	CI2ZF/Coupling/CV/Coins.lean
CI2ZF/Appendix/CV/ColourActivation.lean	CI2ZF/Coupling/CV/ColourActivation.lean
CI2ZF/Appendix/CV/ComponentCharge.lean	CI2ZF/Coupling/CV/ComponentCharge.lean
CI2ZF/Appendix/CV/CorrectedCharge.lean	CI2ZF/Coupling/CV/CorrectedCharge.lean
CI2ZF/Appendix/CV/Coupling.lean	CI2ZF/Coupling/CV/Coupling.lean
CI2ZF/Appendix/CV/CouplingCharge.lean	CI2ZF/Coupling/CV/CouplingCharge.lean
CI2ZF/Appendix/CV/DiscountActivation.lean	CI2ZF/Coupling/CV/DiscountActivation.lean
CI2ZF/Appendix/CV/DiscountAverage.lean	CI2ZF/Coupling/CV/DiscountAverage.lean
CI2ZF/Appendix/CV/DiscountBlocked.lean	CI2ZF/Coupling/CV/DiscountBlocked.lean
CI2ZF/Appendix/CV/DiscountConstraints.lean	CI2ZF/Coupling/CV/DiscountConstraints.lean
CI2ZF/Appendix/CV/DiscountCredit.lean	CI2ZF/Coupling/CV/DiscountCredit.lean
CI2ZF/Appendix/CV/DiscountFresh.lean	CI2ZF/Coupling/CV/DiscountFresh.lean
CI2ZF/Appendix/CV/DiscountFreshAccount.lean	CI2ZF/Coupling/CV/DiscountFreshAccount.lean
CI2ZF/Appendix/CV/DiscountKernel.lean	CI2ZF/Coupling/CV/DiscountKernel.lean
CI2ZF/Appendix/CV/DiscountLoss.lean	CI2ZF/Coupling/CV/DiscountLoss.lean
CI2ZF/Appendix/CV/DiscountPointwise.lean	CI2ZF/Coupling/CV/DiscountPointwise.lean
CI2ZF/Appendix/CV/DiscountSingleton.lean	CI2ZF/Coupling/CV/DiscountSingleton.lean
CI2ZF/Appendix/CV/DiscountSupport.lean	CI2ZF/Coupling/CV/DiscountSupport.lean
CI2ZF/Appendix/CV/DiscountTotal.lean	CI2ZF/Coupling/CV/DiscountTotal.lean
CI2ZF/Appendix/CV/GeometricDrift.lean	CI2ZF/Coupling/CV/GeometricDrift.lean
CI2ZF/Appendix/CV/Geometry.lean	CI2ZF/Coupling/CV/Geometry.lean
CI2ZF/Appendix/CV/GlobalChoice.lean	CI2ZF/Coupling/CV/GlobalChoice.lean
CI2ZF/Appendix/CV/GlobalCoupling.lean	CI2ZF/Coupling/CV/GlobalCoupling.lean
CI2ZF/Appendix/CV/GlobalEnvelope.lean	CI2ZF/Coupling/CV/GlobalEnvelope.lean
CI2ZF/Appendix/CV/GlobalRegular.lean	CI2ZF/Coupling/CV/GlobalRegular.lean
CI2ZF/Appendix/CV/IncidenceRates.lean	CI2ZF/Coupling/CV/IncidenceRates.lean
CI2ZF/Appendix/CV/Kernel.lean	CI2ZF/Coupling/CV/Kernel.lean
CI2ZF/Appendix/CV/MaxChoice.lean	CI2ZF/Coupling/CV/MaxChoice.lean
CI2ZF/Appendix/CV/Metric.lean	CI2ZF/Coupling/CV/Metric.lean
CI2ZF/Appendix/CV/MoveClassification.lean	CI2ZF/Coupling/CV/MoveClassification.lean
CI2ZF/Appendix/CV/MoveMass.lean	CI2ZF/Coupling/CV/MoveMass.lean
CI2ZF/Appendix/CV/PieceSums.lean	CI2ZF/Coupling/CV/PieceSums.lean
CI2ZF/Appendix/CV/Rates.lean	CI2ZF/Coupling/CV/Rates.lean
CI2ZF/Appendix/CV/Record.lean	CI2ZF/Coupling/CV/Record.lean
CI2ZF/Appendix/CV/RegularCost.lean	CI2ZF/Coupling/CV/RegularCost.lean
CI2ZF/Appendix/CV/RegularSupport.lean	CI2ZF/Coupling/CV/RegularSupport.lean
CI2ZF/Appendix/CV/RootAllocation.lean	CI2ZF/Coupling/CV/RootAllocation.lean
CI2ZF/Appendix/CV/RootCI.lean	CI2ZF/Coupling/CV/RootCI.lean
CI2ZF/Appendix/CV/RootColourCharge.lean	CI2ZF/Coupling/CV/RootColourCharge.lean
CI2ZF/Appendix/CV/RootColours.lean	CI2ZF/Coupling/CV/RootColours.lean
CI2ZF/Appendix/CV/RootCost.lean	CI2ZF/Coupling/CV/RootCost.lean
CI2ZF/Appendix/CV/RootEvent.lean	CI2ZF/Coupling/CV/RootEvent.lean
CI2ZF/Appendix/CV/SafetyActivation.lean	CI2ZF/Coupling/CV/SafetyActivation.lean
CI2ZF/Appendix/CV/Scalar.lean	CI2ZF/Coupling/CV/Scalar.lean
CI2ZF/Appendix/CV/SelectedChoice.lean	CI2ZF/Coupling/CV/SelectedChoice.lean
CI2ZF/Appendix/CV/SingleBlockerActivation.lean	CI2ZF/Coupling/CV/SingleBlockerActivation.lean
CI2ZF/Appendix/CV/SingletonRegular.lean	CI2ZF/Coupling/CV/SingletonRegular.lean
CI2ZF/Appendix/CV/SoftEndgame.lean	CI2ZF/Coupling/CV/SoftEndgame.lean
CI2ZF/Appendix/CV/Transport.lean	CI2ZF/Coupling/CV/Transport.lean
CI2ZF/Appendix/CV/Truncation.lean	CI2ZF/Coupling/CV/Truncation.lean
CI2ZF/Appendix/CV/TwoFamily.lean	CI2ZF/Coupling/CV/TwoFamily.lean
CI2ZF/Appendix/CV/TwoIncidence.lean	CI2ZF/Coupling/CV/TwoIncidence.lean
CI2ZF/Appendix/CV/ZeroFree.lean	CI2ZF/Potts/Regions/CV/ZeroFree.lean
CI2ZF/Appendix/Common/CLMM/Ambient.lean	CI2ZF/Coupling/CLMM/Ambient.lean
CI2ZF/Appendix/Common/CLMM/AmbientDegree.lean	CI2ZF/Coupling/CLMM/AmbientDegree.lean
CI2ZF/Appendix/Common/CLMM/Transfer.lean	CI2ZF/Coupling/CLMM/Transfer.lean
CI2ZF/Appendix/CompletedRegions.lean	CI2ZF/Potts/Regions.lean
CI2ZF/Appendix/Edge/Approximation.lean	CI2ZF/Coupling/Edge/Approximation.lean
CI2ZF/Appendix/Edge/Coupling.lean	CI2ZF/Coupling/Edge/Coupling.lean
CI2ZF/Appendix/Edge/Finite/Boundary.lean	CI2ZF/Coupling/Edge/Finite/Boundary.lean
CI2ZF/Appendix/Edge/Finite/CI.lean	CI2ZF/Coupling/Edge/Finite/CI.lean
CI2ZF/Appendix/Edge/Finite/ConditionalCosts.lean	CI2ZF/Coupling/Edge/Finite/ConditionalCosts.lean
CI2ZF/Appendix/Edge/Finite/Conditioning.lean	CI2ZF/Coupling/Edge/Finite/Conditioning.lean
CI2ZF/Appendix/Edge/Finite/Exposure.lean	CI2ZF/Coupling/Edge/Finite/Exposure.lean
CI2ZF/Appendix/Edge/Finite/Gibbs.lean	CI2ZF/Coupling/Edge/Finite/Gibbs.lean
CI2ZF/Appendix/Edge/Finite/Model.lean	CI2ZF/Coupling/Edge/Finite/Model.lean
CI2ZF/Appendix/Edge/Finite/Odds.lean	CI2ZF/Coupling/Edge/Finite/Odds.lean
CI2ZF/Appendix/Edge/Finite/Pinning.lean	CI2ZF/Coupling/Edge/Finite/Pinning.lean
CI2ZF/Appendix/Edge/Finite/Residual.lean	CI2ZF/Coupling/Edge/Finite/Residual.lean
CI2ZF/Appendix/Edge/Finite/Restore.lean	CI2ZF/Coupling/Edge/Finite/Restore.lean
CI2ZF/Appendix/Edge/Finite/Slack.lean	CI2ZF/Coupling/Edge/Finite/Slack.lean
CI2ZF/Appendix/Edge/Finite/Step.lean	CI2ZF/Coupling/Edge/Finite/Step.lean
CI2ZF/Appendix/Edge/Finite/Transport.lean	CI2ZF/Coupling/Edge/Finite/Transport.lean
CI2ZF/Appendix/Edge/GeometryCI.lean	CI2ZF/Coupling/Edge/GeometryCI.lean
CI2ZF/Appendix/Edge/PottsCI.lean	CI2ZF/Coupling/Edge/PottsCI.lean
CI2ZF/Appendix/Edge/RealRoots.lean	CI2ZF/Coupling/Edge/RealRoots.lean
CI2ZF/Appendix/Edge/Slots/Approximation.lean	CI2ZF/Coupling/Edge/Slots/Approximation.lean
CI2ZF/Appendix/Edge/Slots/ConditionalLimit.lean	CI2ZF/Coupling/Edge/Slots/ConditionalLimit.lean
CI2ZF/Appendix/Edge/Slots/Conditioning.lean	CI2ZF/Coupling/Edge/Slots/Conditioning.lean
CI2ZF/Appendix/Edge/Slots/Definitions.lean	CI2ZF/Coupling/Edge/Slots/Definitions.lean
CI2ZF/Appendix/Edge/Slots/Graph.lean	CI2ZF/Coupling/Edge/Slots/Graph.lean
CI2ZF/Appendix/Edge/Slots/Lift.lean	CI2ZF/Coupling/Edge/Slots/Lift.lean
CI2ZF/Appendix/Edge/Slots/LiftBounds.lean	CI2ZF/Coupling/Edge/Slots/LiftBounds.lean
CI2ZF/Appendix/Edge/Slots/LiftFactorization.lean	CI2ZF/Coupling/Edge/Slots/LiftFactorization.lean
CI2ZF/Appendix/Edge/Slots/LiftLimit.lean	CI2ZF/Coupling/Edge/Slots/LiftLimit.lean
CI2ZF/Appendix/Edge/Slots/Moments.lean	CI2ZF/Coupling/Edge/Slots/Moments.lean
CI2ZF/Appendix/Edge/Slots/RootSemantics.lean	CI2ZF/Coupling/Edge/Slots/RootSemantics.lean
CI2ZF/Appendix/Edge/Slots/SimpleGraph.lean	CI2ZF/Coupling/Edge/Slots/SimpleGraph.lean
CI2ZF/Appendix/Edge/Slots/SimpleGraphBounds.lean	CI2ZF/Coupling/Edge/Slots/SimpleGraphBounds.lean
CI2ZF/Appendix/Edge/ZeroFree.lean	CI2ZF/Potts/Regions/Edge/ZeroFree.lean
CI2ZF/Appendix/Girth/Analysis/Contraction.lean	CI2ZF/Coupling/Girth/Analysis/Contraction.lean
CI2ZF/Appendix/Girth/Analysis/Covariance.lean	CI2ZF/Coupling/Girth/Analysis/Covariance.lean
CI2ZF/Appendix/Girth/Analysis/Differential.lean	CI2ZF/Coupling/Girth/Analysis/Differential.lean
CI2ZF/Appendix/Girth/Analysis/Entropy.lean	CI2ZF/Coupling/Girth/Analysis/Entropy.lean
CI2ZF/Appendix/Girth/Analysis/FiniteDifference.lean	CI2ZF/Coupling/Girth/Analysis/FiniteDifference.lean
CI2ZF/Appendix/Girth/Analysis/FiniteL2.lean	CI2ZF/Coupling/Girth/Analysis/FiniteL2.lean
CI2ZF/Appendix/Girth/Analysis/Gram.lean	CI2ZF/Coupling/Girth/Analysis/Gram.lean
CI2ZF/Appendix/Girth/Analysis/InfluenceBounds.lean	CI2ZF/Coupling/Girth/Analysis/InfluenceBounds.lean
CI2ZF/Appendix/Girth/Analysis/Jacobian.lean	CI2ZF/Coupling/Girth/Analysis/Jacobian.lean
CI2ZF/Appendix/Girth/Analysis/Marginal.lean	CI2ZF/Coupling/Girth/Analysis/Marginal.lean
CI2ZF/Appendix/Girth/Analysis/Messages.lean	CI2ZF/Coupling/Girth/Analysis/Messages.lean
CI2ZF/Appendix/Girth/Analysis/OneEdge.lean	CI2ZF/Coupling/Girth/Analysis/OneEdge.lean
CI2ZF/Appendix/Girth/Analysis/Parameters.lean	CI2ZF/Coupling/Girth/Analysis/Parameters.lean
CI2ZF/Appendix/Girth/Analysis/Potential.lean	CI2ZF/Coupling/Girth/Analysis/Potential.lean
CI2ZF/Appendix/Girth/Analysis/Product.lean	CI2ZF/Coupling/Girth/Analysis/Product.lean
CI2ZF/Appendix/Girth/Analysis/Scaled.lean	CI2ZF/Coupling/Girth/Analysis/Scaled.lean
CI2ZF/Appendix/Girth/Covariance/Constants.lean	CI2ZF/Coupling/Girth/Covariance/Constants.lean
CI2ZF/Appendix/Girth/Covariance/Doob/Conditioning.lean	CI2ZF/Coupling/Girth/Covariance/Doob/Conditioning.lean
CI2ZF/Appendix/Girth/Covariance/Doob/Joint.lean	CI2ZF/Coupling/Girth/Covariance/Doob/Joint.lean
CI2ZF/Appendix/Girth/Covariance/Doob/Kernel.lean	CI2ZF/Coupling/Girth/Covariance/Doob/Kernel.lean
CI2ZF/Appendix/Girth/Covariance/Doob/Pinning.lean	CI2ZF/Coupling/Girth/Covariance/Doob/Pinning.lean
CI2ZF/Appendix/Girth/Covariance/Doob/PinningTransport.lean	CI2ZF/Coupling/Girth/Covariance/Doob/PinningTransport.lean
CI2ZF/Appendix/Girth/Covariance/Doob/PinningVertex.lean	CI2ZF/Coupling/Girth/Covariance/Doob/PinningVertex.lean
CI2ZF/Appendix/Girth/Covariance/Doob/ResponseBounds.lean	CI2ZF/Coupling/Girth/Covariance/Doob/ResponseBounds.lean
CI2ZF/Appendix/Girth/Covariance/Doob/Reveal.lean	CI2ZF/Coupling/Girth/Covariance/Doob/Reveal.lean
CI2ZF/Appendix/Girth/Covariance/Graph/InsertionTransport.lean	CI2ZF/Coupling/Girth/Covariance/Graph/InsertionTransport.lean
CI2ZF/Appendix/Girth/Covariance/Graph/ReferenceRoot.lean	CI2ZF/Coupling/Girth/Covariance/Graph/ReferenceRoot.lean
CI2ZF/Appendix/Girth/Covariance/Graph/ResponseBlock.lean	CI2ZF/Coupling/Girth/Covariance/Graph/ResponseBlock.lean
CI2ZF/Appendix/Girth/Covariance/Graph/ResponseRoot.lean	CI2ZF/Coupling/Girth/Covariance/Graph/ResponseRoot.lean
CI2ZF/Appendix/Girth/Covariance/Graph/TwoLayer.lean	CI2ZF/Coupling/Girth/Covariance/Graph/TwoLayer.lean
CI2ZF/Appendix/Girth/Covariance/Insertion/ActualEstimates.lean	CI2ZF/Coupling/Girth/Covariance/Insertion/ActualEstimates.lean
CI2ZF/Appendix/Girth/Covariance/Insertion/Adapter.lean	CI2ZF/Coupling/Girth/Covariance/Insertion/Adapter.lean
CI2ZF/Appendix/Girth/Covariance/Insertion/Affine.lean	CI2ZF/Coupling/Girth/Covariance/Insertion/Affine.lean
CI2ZF/Appendix/Girth/Covariance/Insertion/Balance.lean	CI2ZF/Coupling/Girth/Covariance/Insertion/Balance.lean
CI2ZF/Appendix/Girth/Covariance/Insertion/Beta.lean	CI2ZF/Coupling/Girth/Covariance/Insertion/Beta.lean
CI2ZF/Appendix/Girth/Covariance/Insertion/Covariance.lean	CI2ZF/Coupling/Girth/Covariance/Insertion/Covariance.lean
CI2ZF/Appendix/Girth/Covariance/Insertion/Edge.lean	CI2ZF/Coupling/Girth/Covariance/Insertion/Edge.lean
CI2ZF/Appendix/Girth/Covariance/Insertion/FullSource.lean	CI2ZF/Coupling/Girth/Covariance/Insertion/FullSource.lean
CI2ZF/Appendix/Girth/Covariance/Insertion/Graph.lean	CI2ZF/Coupling/Girth/Covariance/Insertion/Graph.lean
CI2ZF/Appendix/Girth/Covariance/Insertion/GraphCoordinates.lean	CI2ZF/Coupling/Girth/Covariance/Insertion/GraphCoordinates.lean
CI2ZF/Appendix/Girth/Covariance/Insertion/GraphCovariance.lean	CI2ZF/Coupling/Girth/Covariance/Insertion/GraphCovariance.lean
CI2ZF/Appendix/Girth/Covariance/Insertion/GraphStatistics.lean	CI2ZF/Coupling/Girth/Covariance/Insertion/GraphStatistics.lean
CI2ZF/Appendix/Girth/Covariance/Insertion/Law.lean	CI2ZF/Coupling/Girth/Covariance/Insertion/Law.lean
CI2ZF/Appendix/Girth/Covariance/Insertion/LocalSource.lean	CI2ZF/Coupling/Girth/Covariance/Insertion/LocalSource.lean
CI2ZF/Appendix/Girth/Covariance/Insertion/Poincare.lean	CI2ZF/Coupling/Girth/Covariance/Insertion/Poincare.lean
CI2ZF/Appendix/Girth/Covariance/Insertion/Scalar.lean	CI2ZF/Coupling/Girth/Covariance/Insertion/Scalar.lean
CI2ZF/Appendix/Girth/Covariance/Recursion.lean	CI2ZF/Coupling/Girth/Covariance/Recursion.lean
CI2ZF/Appendix/Girth/Covariance/Reference/Marginal.lean	CI2ZF/Coupling/Girth/Covariance/Reference/Marginal.lean
CI2ZF/Appendix/Girth/Covariance/Reference/Response.lean	CI2ZF/Coupling/Girth/Covariance/Reference/Response.lean
CI2ZF/Appendix/Girth/Covariance/Response/BlockBound.lean	CI2ZF/Coupling/Girth/Covariance/Response/BlockBound.lean
CI2ZF/Appendix/Girth/Covariance/Response/Constants.lean	CI2ZF/Coupling/Girth/Covariance/Response/Constants.lean
CI2ZF/Appendix/Girth/Covariance/Response/GraphShell.lean	CI2ZF/Coupling/Girth/Covariance/Response/GraphShell.lean
CI2ZF/Appendix/Girth/Covariance/Response/Induction.lean	CI2ZF/Coupling/Girth/Covariance/Response/Induction.lean
CI2ZF/Appendix/Girth/Covariance/Response/Insertion.lean	CI2ZF/Coupling/Girth/Covariance/Response/Insertion.lean
CI2ZF/Appendix/Girth/Covariance/Response/Instance.lean	CI2ZF/Coupling/Girth/Covariance/Response/Instance.lean
CI2ZF/Appendix/Girth/Covariance/Response/OptionStep.lean	CI2ZF/Coupling/Girth/Covariance/Response/OptionStep.lean
CI2ZF/Appendix/Girth/Covariance/Response/Oscillation.lean	CI2ZF/Coupling/Girth/Covariance/Response/Oscillation.lean
CI2ZF/Appendix/Girth/Covariance/Response/Relabel.lean	CI2ZF/Coupling/Girth/Covariance/Response/Relabel.lean
CI2ZF/Appendix/Girth/Covariance/Response/Score.lean	CI2ZF/Coupling/Girth/Covariance/Response/Score.lean
CI2ZF/Appendix/Girth/Covariance/Response/SeparatorSource.lean	CI2ZF/Coupling/Girth/Covariance/Response/SeparatorSource.lean
CI2ZF/Appendix/Girth/Covariance/Response/Shell.lean	CI2ZF/Coupling/Girth/Covariance/Response/Shell.lean
CI2ZF/Appendix/Girth/Covariance/Response/SourceBounds.lean	CI2ZF/Coupling/Girth/Covariance/Response/SourceBounds.lean
CI2ZF/Appendix/Girth/Covariance/Response/Step.lean	CI2ZF/Coupling/Girth/Covariance/Response/Step.lean
CI2ZF/Appendix/Girth/Covariance/Response/UniformSourceAdapter.lean	CI2ZF/Coupling/Girth/Covariance/Response/UniformSourceAdapter.lean
CI2ZF/Appendix/Girth/Covariance/ScalarCalculus.lean	CI2ZF/Coupling/Girth/Covariance/ScalarCalculus.lean
CI2ZF/Appendix/Girth/Covariance/Threshold.lean	CI2ZF/Coupling/Girth/Covariance/Threshold.lean
CI2ZF/Appendix/Girth/Five/ClosedPoincare.lean	CI2ZF/Coupling/Girth/Five/ClosedPoincare.lean
CI2ZF/Appendix/Girth/Five/Poincare.lean	CI2ZF/Coupling/Girth/Five/Poincare.lean
CI2ZF/Appendix/Girth/Five/Response.lean	CI2ZF/Coupling/Girth/Five/Response.lean
CI2ZF/Appendix/Girth/Five/Transfer.lean	CI2ZF/Potts/Regions/Girth/Five/Transfer.lean
CI2ZF/Appendix/Girth/Five/ZeroFree.lean	CI2ZF/Potts/Regions/Girth/Five/ZeroFree.lean
CI2ZF/Appendix/Girth/Geometry.lean	CI2ZF/Coupling/Girth/Geometry.lean
CI2ZF/Appendix/Girth/High/Theorem.lean	CI2ZF/Potts/Regions/Girth/High/Theorem.lean
CI2ZF/Appendix/Girth/Spectral/ActualSchurData.lean	CI2ZF/Coupling/Girth/Spectral/ActualSchurData.lean
CI2ZF/Appendix/Girth/Spectral/Additive.lean	CI2ZF/Coupling/Girth/Spectral/Additive.lean
CI2ZF/Appendix/Girth/Spectral/AdditiveCompression.lean	CI2ZF/Coupling/Girth/Spectral/AdditiveCompression.lean
CI2ZF/Appendix/Girth/Spectral/AdditiveLift.lean	CI2ZF/Coupling/Girth/Spectral/AdditiveLift.lean
CI2ZF/Appendix/Girth/Spectral/AdditiveSchur.lean	CI2ZF/Coupling/Girth/Spectral/AdditiveSchur.lean
CI2ZF/Appendix/Girth/Spectral/AdditiveSpace.lean	CI2ZF/Coupling/Girth/Spectral/AdditiveSpace.lean
CI2ZF/Appendix/Girth/Spectral/CenteredOperators.lean	CI2ZF/Coupling/Girth/Spectral/CenteredOperators.lean
CI2ZF/Appendix/Girth/Spectral/Channel.lean	CI2ZF/Coupling/Girth/Spectral/Channel.lean
CI2ZF/Appendix/Girth/Spectral/CommutingBounds.lean	CI2ZF/Coupling/Girth/Spectral/CommutingBounds.lean
CI2ZF/Appendix/Girth/Spectral/CommutingEnergy.lean	CI2ZF/Coupling/Girth/Spectral/CommutingEnergy.lean
CI2ZF/Appendix/Girth/Spectral/CommutingProjections.lean	CI2ZF/Coupling/Girth/Spectral/CommutingProjections.lean
CI2ZF/Appendix/Girth/Spectral/CommutingSpaces.lean	CI2ZF/Coupling/Girth/Spectral/CommutingSpaces.lean
CI2ZF/Appendix/Girth/Spectral/DegreeDecomposition.lean	CI2ZF/Coupling/Girth/Spectral/DegreeDecomposition.lean
CI2ZF/Appendix/Girth/Spectral/Graph/Decomposition.lean	CI2ZF/Coupling/Girth/Spectral/Graph/Decomposition.lean
CI2ZF/Appendix/Girth/Spectral/Graph/Gap.lean	CI2ZF/Coupling/Girth/Spectral/Graph/Gap.lean
CI2ZF/Appendix/Girth/Spectral/Graph/HeatBath.lean	CI2ZF/Coupling/Girth/Spectral/Graph/HeatBath.lean
CI2ZF/Appendix/Girth/Spectral/Graph/HeatBathSystem.lean	CI2ZF/Coupling/Girth/Spectral/Graph/HeatBathSystem.lean
CI2ZF/Appendix/Girth/Spectral/Graph/HeatBathWeights.lean	CI2ZF/Coupling/Girth/Spectral/Graph/HeatBathWeights.lean
CI2ZF/Appendix/Girth/Spectral/Graph/Marginal.lean	CI2ZF/Coupling/Girth/Spectral/Graph/Marginal.lean
CI2ZF/Appendix/Girth/Spectral/Graph/Operators.lean	CI2ZF/Coupling/Girth/Spectral/Graph/Operators.lean
CI2ZF/Appendix/Girth/Spectral/Graph/Poincare.lean	CI2ZF/Coupling/Girth/Spectral/Graph/Poincare.lean
CI2ZF/Appendix/Girth/Spectral/Graph/PositivePoincare.lean	CI2ZF/Coupling/Girth/Spectral/Graph/PositivePoincare.lean
CI2ZF/Appendix/Girth/Spectral/Graph/StarBounds.lean	CI2ZF/Coupling/Girth/Spectral/Graph/StarBounds.lean
CI2ZF/Appendix/Girth/Spectral/Graph/StarCoordinates.lean	CI2ZF/Coupling/Girth/Spectral/Graph/StarCoordinates.lean
CI2ZF/Appendix/Girth/Spectral/Graph/StarEnergy.lean	CI2ZF/Coupling/Girth/Spectral/Graph/StarEnergy.lean
CI2ZF/Appendix/Girth/Spectral/Graph/StarLaw.lean	CI2ZF/Coupling/Girth/Spectral/Graph/StarLaw.lean
CI2ZF/Appendix/Girth/Spectral/Graph/StarLocal.lean	CI2ZF/Coupling/Girth/Spectral/Graph/StarLocal.lean
CI2ZF/Appendix/Girth/Spectral/Graph/StarModel.lean	CI2ZF/Coupling/Girth/Spectral/Graph/StarModel.lean
CI2ZF/Appendix/Girth/Spectral/Graph/StarTransfer.lean	CI2ZF/Coupling/Girth/Spectral/Graph/StarTransfer.lean
CI2ZF/Appendix/Girth/Spectral/Graph/StarWeights.lean	CI2ZF/Coupling/Girth/Spectral/Graph/StarWeights.lean
CI2ZF/Appendix/Girth/Spectral/Graph/Sums.lean	CI2ZF/Coupling/Girth/Spectral/Graph/Sums.lean
CI2ZF/Appendix/Girth/Spectral/HeatBath.lean	CI2ZF/Coupling/Girth/Spectral/HeatBath.lean
CI2ZF/Appendix/Girth/Spectral/Hoeffding.lean	CI2ZF/Coupling/Girth/Spectral/Hoeffding.lean
CI2ZF/Appendix/Girth/Spectral/MeanZero.lean	CI2ZF/Coupling/Girth/Spectral/MeanZero.lean
CI2ZF/Appendix/Girth/Spectral/Occupancy.lean	CI2ZF/Coupling/Girth/Spectral/Occupancy.lean
CI2ZF/Appendix/Girth/Spectral/PartialAverage.lean	CI2ZF/Coupling/Girth/Spectral/PartialAverage.lean
CI2ZF/Appendix/Girth/Spectral/PlusOperators.lean	CI2ZF/Coupling/Girth/Spectral/PlusOperators.lean
CI2ZF/Appendix/Girth/Spectral/ProjectionBlocks.lean	CI2ZF/Coupling/Girth/Spectral/ProjectionBlocks.lean
CI2ZF/Appendix/Girth/Spectral/SchurCross.lean	CI2ZF/Coupling/Girth/Spectral/SchurCross.lean
CI2ZF/Appendix/Girth/Spectral/SchurData.lean	CI2ZF/Coupling/Girth/Spectral/SchurData.lean
CI2ZF/Appendix/Girth/Spectral/SchurEstimate.lean	CI2ZF/Coupling/Girth/Spectral/SchurEstimate.lean
CI2ZF/Appendix/Girth/Spectral/SchurFull.lean	CI2ZF/Coupling/Girth/Spectral/SchurFull.lean
CI2ZF/Appendix/Girth/Spectral/SchurLinear.lean	CI2ZF/Coupling/Girth/Spectral/SchurLinear.lean
CI2ZF/Appendix/Girth/Spectral/SchurSector.lean	CI2ZF/Coupling/Girth/Spectral/SchurSector.lean
CI2ZF/Appendix/Girth/Spectral/SectorRepresentation.lean	CI2ZF/Coupling/Girth/Spectral/SectorRepresentation.lean
CI2ZF/Appendix/Girth/Spectral/Singleton.lean	CI2ZF/Coupling/Girth/Spectral/Singleton.lean
CI2ZF/Appendix/Girth/Spectral/SingletonCompression.lean	CI2ZF/Coupling/Girth/Spectral/SingletonCompression.lean
CI2ZF/Appendix/Girth/Spectral/SingletonExpansion.lean	CI2ZF/Coupling/Girth/Spectral/SingletonExpansion.lean
CI2ZF/Appendix/Girth/Spectral/Star.lean	CI2ZF/Coupling/Girth/Spectral/Star.lean
CI2ZF/Appendix/Girth/Spectral/StarBlocks.lean	CI2ZF/Coupling/Girth/Spectral/StarBlocks.lean
CI2ZF/Appendix/Girth/Spectral/StarCentre.lean	CI2ZF/Coupling/Girth/Spectral/StarCentre.lean
CI2ZF/Appendix/Girth/Spectral/StarIncidence.lean	CI2ZF/Coupling/Girth/Spectral/StarIncidence.lean
CI2ZF/Appendix/Girth/Spectral/StarL2.lean	CI2ZF/Coupling/Girth/Spectral/StarL2.lean
CI2ZF/Appendix/Girth/Spectral/StarOperators.lean	CI2ZF/Coupling/Girth/Spectral/StarOperators.lean
CI2ZF/Appendix/Girth/Spectral/StarRaw.lean	CI2ZF/Coupling/Girth/Spectral/StarRaw.lean
CI2ZF/Appendix/Girth/Spectral/StarSchur.lean	CI2ZF/Coupling/Girth/Spectral/StarSchur.lean
CI2ZF/Appendix/Girth/Spectral/SubsetSums.lean	CI2ZF/Coupling/Girth/Spectral/SubsetSums.lean
CI2ZF/Appendix/Girth/Spectral/SupportTrim.lean	CI2ZF/Coupling/Girth/Spectral/SupportTrim.lean
CI2ZF/Appendix/Girth/Spectral/SupportedOperator.lean	CI2ZF/Coupling/Girth/Spectral/SupportedOperator.lean
CI2ZF/Appendix/Girth/Spectral/SupportedSpace.lean	CI2ZF/Coupling/Girth/Spectral/SupportedSpace.lean
CI2ZF/Appendix/Girth/Spectral/Threshold.lean	CI2ZF/Coupling/Girth/Spectral/Threshold.lean
CI2ZF/Appendix/Girth/Transfer/Family.lean	CI2ZF/Potts/Regions/Girth/Transfer/Family.lean
CI2ZF/Appendix/Girth/Transfer/ResidualOriginal.lean	CI2ZF/Potts/Regions/Girth/Transfer/ResidualOriginal.lean
CI2ZF/Appendix/Girth/Transfer/SphereCoupling.lean	CI2ZF/Coupling/Girth/Transfer/SphereCoupling.lean
CI2ZF/Appendix/Girth/Transfer/WeightedInfluence.lean	CI2ZF/Coupling/Girth/Transfer/WeightedInfluence.lean
CI2ZF/Appendix/Girth/Tree/Decay.lean	CI2ZF/Coupling/Girth/Tree/Decay.lean
CI2ZF/Appendix/Girth/Tree/Gibbs.lean	CI2ZF/Coupling/Girth/Tree/Gibbs.lean
CI2ZF/Appendix/Girth/Tree/Influence.lean	CI2ZF/Coupling/Girth/Tree/Influence.lean
CI2ZF/Appendix/Girth/Tree/Levels.lean	CI2ZF/Coupling/Girth/Tree/Levels.lean
CI2ZF/Appendix/Girth/Tree/Messages.lean	CI2ZF/Coupling/Girth/Tree/Messages.lean
CI2ZF/Appendix/Girth/Tree/RatioMixing.lean	CI2ZF/Coupling/Girth/Tree/RatioMixing.lean
CI2ZF/Appendix/Girth/Tree/Relative.lean	CI2ZF/Coupling/Girth/Tree/Relative.lean
CI2ZF/Appendix/Girth/Tree/Spatial.lean	CI2ZF/Coupling/Girth/Tree/Spatial.lean
CI2ZF/Appendix/Girth/Tree/TotalInfluence.lean	CI2ZF/Coupling/Girth/Tree/TotalInfluence.lean
CI2ZF/Appendix/HighTemperature/Coupling.lean	CI2ZF/Coupling/HighTemperature/Coupling.lean
CI2ZF/Appendix/HighTemperature/ZeroFree.lean	CI2ZF/Potts/Regions/HighTemperature/ZeroFree.lean
CI2ZF/Appendix/NearVigoda/Theorem.lean	CI2ZF/Potts/Regions/NearVigoda/Theorem.lean
CI2ZF/Appendix/Regimes.lean	CI2ZF/Potts/Regions/Arithmetic.lean
CI2ZF/BFSShellMarginals.lean	CI2ZF/Potts/Geometry/BFSShellMarginals.lean
CI2ZF/BFSShells.lean	CI2ZF/Potts/Geometry/BFSShells.lean
CI2ZF/BoundaryActivation.lean	CI2ZF/Coupling/Vigoda/BoundaryActivation.lean
CI2ZF/BoundaryData.lean	CI2ZF/Potts/Model/BoundaryData.lean
CI2ZF/BoundedGraphClass.lean	CI2ZF/Potts/Geometry/BoundedGraphClass.lean
CI2ZF/BoundedLocalFamily.lean	CI2ZF/Potts/Transfer/BoundedLocalFamily.lean
CI2ZF/CoinRestriction.lean	CI2ZF/Coupling/Foundations/CoinRestriction.lean
CI2ZF/CommonCoins.lean	CI2ZF/Coupling/Foundations/CommonCoins.lean
CI2ZF/ComplexAverage.lean	CI2ZF/Analysis/ComplexAverage.lean
CI2ZF/ComponentFactorization.lean	CI2ZF/Potts/Geometry/ComponentFactorization.lean
CI2ZF/CouplingIndependence.lean	CI2ZF/Coupling/Vigoda/CouplingIndependence.lean
CI2ZF/CriticalLineArithmetic.lean	CI2ZF/Coupling/Vigoda/CriticalLineArithmetic.lean
CI2ZF/ExteriorAnalyticResponses.lean	CI2ZF/Potts/Transfer/ExteriorAnalyticResponses.lean
CI2ZF/ExteriorHardComparison.lean	CI2ZF/Potts/Transfer/ExteriorHardComparison.lean
CI2ZF/ExteriorRepinning.lean	CI2ZF/Potts/Transfer/ExteriorRepinning.lean
CI2ZF/FamilyBFSResponseSteps.lean	CI2ZF/Potts/Transfer/FamilyBFSResponseSteps.lean
CI2ZF/FamilyCouplingInputs.lean	CI2ZF/Potts/Transfer/FamilyCouplingInputs.lean
CI2ZF/FamilyInduction.lean	CI2ZF/Potts/Transfer/FamilyInduction.lean
CI2ZF/FamilyUniformTransfer.lean	CI2ZF/Potts/Transfer/FamilyUniformTransfer.lean
CI2ZF/FinDistEnumeration.lean	CI2ZF/Coupling/Foundations/FinDistEnumeration.lean
CI2ZF/FiniteCoupling.lean	CI2ZF/Coupling/Foundations/FiniteCoupling.lean
CI2ZF/FixedGraph.lean	CI2ZF/Potts/Transfer/FixedGraph.lean
CI2ZF/GenericGibbsRelabel.lean	CI2ZF/Potts/Geometry/GenericGibbsRelabel.lean
CI2ZF/GraphClassCoupling.lean	CI2ZF/Potts/Geometry/GraphClassCoupling.lean
CI2ZF/GraphClassInputs.lean	CI2ZF/Potts/Geometry/GraphClassInputs.lean
CI2ZF/GraphClassPottsTransfer.lean	CI2ZF/Potts/Theorems/GraphClassPottsTransfer.lean
CI2ZF/HammingResponses.lean	CI2ZF/Coupling/Foundations/HammingResponses.lean
CI2ZF/HardAnalyticAverage.lean	CI2ZF/Potts/Transfer/HardAnalyticAverage.lean
CI2ZF/HardBFSResponseStep.lean	CI2ZF/Potts/Transfer/HardBFSResponseStep.lean
CI2ZF/HardBaselineData.lean	CI2ZF/Coupling/Vigoda/HardBaselineData.lean
CI2ZF/HardBaselinePartition.lean	CI2ZF/Coupling/Vigoda/HardBaselinePartition.lean
CI2ZF/HardChargeSum.lean	CI2ZF/Coupling/Vigoda/HardChargeSum.lean
CI2ZF/HardConditionalCoupling.lean	CI2ZF/Coupling/Vigoda/HardConditionalCoupling.lean
CI2ZF/HardCountComparison.lean	CI2ZF/Potts/Transfer/HardCountComparison.lean
CI2ZF/HardCouplingCost.lean	CI2ZF/Coupling/Vigoda/HardCouplingCost.lean
CI2ZF/HardCouplingInput.lean	CI2ZF/Coupling/Vigoda/HardCouplingInput.lean
CI2ZF/HardEndpointLocalError.lean	CI2ZF/Potts/Transfer/HardEndpointLocalError.lean
CI2ZF/HardEndpointRelativeError.lean	CI2ZF/Potts/Transfer/HardEndpointRelativeError.lean
CI2ZF/HardFlipBoundary.lean	CI2ZF/Coupling/Vigoda/HardFlipBoundary.lean
CI2ZF/HardFlipTotal.lean	CI2ZF/Coupling/Vigoda/HardFlipTotal.lean
CI2ZF/HardGlobalCost.lean	CI2ZF/Coupling/Vigoda/HardGlobalCost.lean
CI2ZF/HardGlobalRegular.lean	CI2ZF/Coupling/Vigoda/HardGlobalRegular.lean
CI2ZF/HardIncidenceRates.lean	CI2ZF/Coupling/Vigoda/HardIncidenceRates.lean
CI2ZF/HardMainPerturbation.lean	CI2ZF/Potts/Transfer/HardMainPerturbation.lean
CI2ZF/HardMatchCost.lean	CI2ZF/Coupling/Vigoda/HardMatchCost.lean
CI2ZF/HardMoveClassification.lean	CI2ZF/Coupling/Vigoda/HardMoveClassification.lean
CI2ZF/HardMoveMass.lean	CI2ZF/Coupling/Vigoda/HardMoveMass.lean
CI2ZF/HardMoveSeparation.lean	CI2ZF/Coupling/Vigoda/HardMoveSeparation.lean
CI2ZF/HardParent.lean	CI2ZF/Potts/Transfer/HardParent.lean
CI2ZF/HardPieceSums.lean	CI2ZF/Coupling/Vigoda/HardPieceSums.lean
CI2ZF/HardRegularAllocation.lean	CI2ZF/Coupling/Vigoda/HardRegularAllocation.lean
CI2ZF/HardRegularCost.lean	CI2ZF/Coupling/Vigoda/HardRegularCost.lean
CI2ZF/HardRegularRates.lean	CI2ZF/Coupling/Vigoda/HardRegularRates.lean
CI2ZF/HardRootAllocation.lean	CI2ZF/Coupling/Vigoda/HardRootAllocation.lean
CI2ZF/HardRootColourSeparation.lean	CI2ZF/Coupling/Vigoda/HardRootColourSeparation.lean
CI2ZF/HardRootColours.lean	CI2ZF/Coupling/Vigoda/HardRootColours.lean
CI2ZF/HardRootCost.lean	CI2ZF/Coupling/Vigoda/HardRootCost.lean
CI2ZF/HardSeparatorLog.lean	CI2ZF/Potts/Transfer/HardSeparatorLog.lean
CI2ZF/HardSeparatorStep.lean	CI2ZF/Potts/Transfer/HardSeparatorStep.lean
CI2ZF/HardSingletonRegular.lean	CI2ZF/Coupling/Vigoda/HardSingletonRegular.lean
CI2ZF/HardUniformTransfer.lean	CI2ZF/Potts/Transfer/HardUniformTransfer.lean
CI2ZF/HolantAmbientGraph.lean	CI2ZF/Holant/AmbientGraph.lean
CI2ZF/HolantAnalytic.lean	CI2ZF/Holant/Analytic.lean
CI2ZF/HolantAnalyticContinuation.lean	CI2ZF/Holant/AnalyticContinuation.lean
CI2ZF/HolantApplications.lean	CI2ZF/Holant/Applications.lean
CI2ZF/HolantBoundedInstances.lean	CI2ZF/Holant/BoundedInstances.lean
CI2ZF/HolantCapacities.lean	CI2ZF/Holant/Capacities.lean
CI2ZF/HolantCoefficientBounds.lean	CI2ZF/Holant/CoefficientBounds.lean
CI2ZF/HolantCorollaries.lean	CI2ZF/Holant/Corollaries.lean
CI2ZF/HolantCoupling.lean	CI2ZF/Holant/Coupling.lean
CI2ZF/HolantCouplingBoundary.lean	CI2ZF/Holant/CouplingBoundary.lean
CI2ZF/HolantCouplingDeletion.lean	CI2ZF/Holant/CouplingDeletion.lean
CI2ZF/HolantCouplingGibbs.lean	CI2ZF/Holant/CouplingGibbs.lean
CI2ZF/HolantCouplingInstance.lean	CI2ZF/Holant/CouplingInstance.lean
CI2ZF/HolantCouplingRecursion.lean	CI2ZF/Holant/CouplingRecursion.lean
CI2ZF/HolantCouplingSharpZero.lean	CI2ZF/Holant/CouplingSharpZero.lean
CI2ZF/HolantCouplingTheorem.lean	CI2ZF/Holant/CouplingTheorem.lean
CI2ZF/HolantCouplingTransport.lean	CI2ZF/Holant/CouplingTransport.lean
CI2ZF/HolantCouplingZero.lean	CI2ZF/Holant/CouplingZero.lean
CI2ZF/HolantGeometry.lean	CI2ZF/Holant/Geometry.lean
CI2ZF/HolantInductiveExterior.lean	CI2ZF/Holant/InductiveExterior.lean
CI2ZF/HolantInstanceSeparator.lean	CI2ZF/Holant/InstanceSeparator.lean
CI2ZF/HolantLocalResponse.lean	CI2ZF/Holant/LocalResponse.lean
CI2ZF/HolantLocalStability.lean	CI2ZF/Holant/LocalStability.lean
CI2ZF/HolantModel.lean	CI2ZF/Holant/Model.lean
CI2ZF/HolantParent.lean	CI2ZF/Holant/Parent.lean
CI2ZF/HolantPathParent.lean	CI2ZF/Holant/PathParent.lean
CI2ZF/HolantPaths.lean	CI2ZF/Holant/Paths.lean
CI2ZF/HolantPolynomialStability.lean	CI2ZF/Holant/PolynomialStability.lean
CI2ZF/HolantPolytube.lean	CI2ZF/Holant/Polytube.lean
CI2ZF/HolantResidualModel.lean	CI2ZF/Holant/ResidualModel.lean
CI2ZF/HolantSeparator.lean	CI2ZF/Holant/Separator.lean
CI2ZF/HolantSeparatorCoefficients.lean	CI2ZF/Holant/SeparatorCoefficients.lean
CI2ZF/HolantSeparatorEstimates.lean	CI2ZF/Holant/SeparatorEstimates.lean
CI2ZF/HolantSeparatorResponse.lean	CI2ZF/Holant/SeparatorResponse.lean
CI2ZF/HolantShellAdjacency.lean	CI2ZF/Holant/ShellAdjacency.lean
CI2ZF/HolantShellCostSelection.lean	CI2ZF/Holant/ShellCostSelection.lean
CI2ZF/HolantShellLipschitz.lean	CI2ZF/Holant/ShellLipschitz.lean
CI2ZF/HolantShellMarginals.lean	CI2ZF/Holant/ShellMarginals.lean
CI2ZF/HolantShellSelection.lean	CI2ZF/Holant/ShellSelection.lean
CI2ZF/HolantSignatures.lean	CI2ZF/Holant/Signatures.lean
CI2ZF/HolantStrongInduction.lean	CI2ZF/Holant/StrongInduction.lean
CI2ZF/HolantSupportGeometry.lean	CI2ZF/Holant/SupportGeometry.lean
CI2ZF/HolantTheorem.lean	CI2ZF/Holant/Theorem.lean
CI2ZF/HolantTransferParameters.lean	CI2ZF/Holant/TransferParameters.lean
CI2ZF/HolantTubeTheorem.lean	CI2ZF/Holant/TubeTheorem.lean
CI2ZF/HolantUniformResponse.lean	CI2ZF/Holant/UniformResponse.lean
CI2ZF/IncidenceMatching.lean	CI2ZF/Coupling/Vigoda/IncidenceMatching.lean
CI2ZF/InductionComponentSteps.lean	CI2ZF/Potts/Transfer/InductionComponentSteps.lean
CI2ZF/InductionParentSteps.lean	CI2ZF/Potts/Transfer/InductionParentSteps.lean
CI2ZF/InductionState.lean	CI2ZF/Potts/Transfer/InductionState.lean
CI2ZF/LocalResponseLog.lean	CI2ZF/Potts/Transfer/LocalResponseLog.lean
CI2ZF/LocalStability.lean	CI2ZF/Analysis/LocalStability.lean
CI2ZF/OptionBFSCardinality.lean	CI2ZF/Potts/Geometry/OptionBFSCardinality.lean
CI2ZF/OptionBFSMarginals.lean	CI2ZF/Potts/Geometry/OptionBFSMarginals.lean
CI2ZF/OptionBFSResponseGeometry.lean	CI2ZF/Potts/Transfer/OptionBFSResponseGeometry.lean
CI2ZF/OptionBFSSplit.lean	CI2ZF/Potts/Geometry/OptionBFSSplit.lean
CI2ZF/OptionCI.lean	CI2ZF/Coupling/Vigoda/OptionCI.lean
CI2ZF/OptionComponentFactorization.lean	CI2ZF/Potts/Geometry/OptionComponentFactorization.lean
CI2ZF/OptionParentNonzero.lean	CI2ZF/Potts/Transfer/OptionParentNonzero.lean
CI2ZF/OptionPartition.lean	CI2ZF/Potts/Model/OptionPartition.lean
CI2ZF/OptionPinning.lean	CI2ZF/Potts/Model/OptionPinning.lean
CI2ZF/OptionShellMarginals.lean	CI2ZF/Potts/Geometry/OptionShellMarginals.lean
CI2ZF/PaperComplexAverage.lean	CI2ZF/Analysis/PaperComplexAverage.lean
CI2ZF/PartialCombining.lean	CI2ZF/Coupling/Foundations/PartialCombining.lean
CI2ZF/PartialCoupling.lean	CI2ZF/Coupling/Foundations/PartialCoupling.lean
CI2ZF/PinningFamily.lean	CI2ZF/Potts/Model/PinningFamily.lean
CI2ZF/PinningLeafCycles.lean	CI2ZF/Potts/Geometry/PinningLeafCycles.lean
CI2ZF/PinningLeafGirth.lean	CI2ZF/Potts/Geometry/PinningLeafGirth.lean
CI2ZF/PinningLeafRealization.lean	CI2ZF/Potts/Geometry/PinningLeafRealization.lean
CI2ZF/PinningPolynomial.lean	CI2ZF/Potts/Model/PinningPolynomial.lean
CI2ZF/PinningRestriction.lean	CI2ZF/Potts/Model/PinningRestriction.lean
CI2ZF/PinningRestrictionComposition.lean	CI2ZF/Potts/Model/PinningRestrictionComposition.lean
CI2ZF/PinningRestrictionInstances.lean	CI2ZF/Potts/Model/PinningRestrictionInstances.lean
CI2ZF/PositiveBFSResponseStep.lean	CI2ZF/Potts/Transfer/PositiveBFSResponseStep.lean
CI2ZF/PositiveExactCI.lean	CI2ZF/Coupling/Vigoda/PositiveExactCI.lean
CI2ZF/PositiveFamilyTransfer.lean	CI2ZF/Potts/Transfer/PositiveFamilyTransfer.lean
CI2ZF/PositiveGraphClassTransfer.lean	CI2ZF/Potts/Theorems/PositiveGraphClassTransfer.lean
CI2ZF/PositiveParent.lean	CI2ZF/Potts/Transfer/PositiveParent.lean
CI2ZF/PositiveSeparatorLog.lean	CI2ZF/Potts/Transfer/PositiveSeparatorLog.lean
CI2ZF/PositiveUniformTransfer.lean	CI2ZF/Potts/Transfer/PositiveUniformTransfer.lean
CI2ZF/PottsAnalytic.lean	CI2ZF/Potts/Transfer/PottsAnalytic.lean
CI2ZF/PottsCITheorem.lean	CI2ZF/Coupling/Vigoda/PottsCITheorem.lean
CI2ZF/PottsExternalTheorem.lean	CI2ZF/Potts/Theorems/PottsExternalTheorem.lean
CI2ZF/PottsMainTheorem.lean	CI2ZF/Potts/Theorems/PottsMainTheorem.lean
CI2ZF/PottsModel.lean	CI2ZF/Potts/Model/PottsModel.lean
CI2ZF/RegularColourCharge.lean	CI2ZF/Coupling/Vigoda/RegularColourCharge.lean
CI2ZF/RegularColourTwo.lean	CI2ZF/Coupling/Vigoda/RegularColourTwo.lean
CI2ZF/RootBoundary.lean	CI2ZF/Coupling/Vigoda/RootBoundary.lean
CI2ZF/RootCI.lean	CI2ZF/Coupling/Vigoda/RootCI.lean
CI2ZF/RootChildren.lean	CI2ZF/Potts/Model/RootChildren.lean
CI2ZF/RootColourCharge.lean	CI2ZF/Coupling/Vigoda/RootColourCharge.lean
CI2ZF/RootComponentFactorization.lean	CI2ZF/Potts/Geometry/RootComponentFactorization.lean
CI2ZF/RootComponentGeometry.lean	CI2ZF/Coupling/Vigoda/RootComponentGeometry.lean
CI2ZF/RootCoupling.lean	CI2ZF/Coupling/Vigoda/RootCoupling.lean
CI2ZF/RootGibbsSemantics.lean	CI2ZF/Potts/Model/RootGibbsSemantics.lean
CI2ZF/RootLawRelabel.lean	CI2ZF/Potts/Geometry/RootLawRelabel.lean
CI2ZF/RootOptionRelabel.lean	CI2ZF/Potts/Geometry/RootOptionRelabel.lean
CI2ZF/Separator.lean	CI2ZF/Potts/Geometry/Separator.lean
CI2ZF/SeparatorDegree.lean	CI2ZF/Potts/Geometry/SeparatorDegree.lean
CI2ZF/SeparatorExterior.lean	CI2ZF/Potts/Geometry/SeparatorExterior.lean
CI2ZF/SeparatorHardAnchor.lean	CI2ZF/Potts/Transfer/SeparatorHardAnchor.lean
CI2ZF/SeparatorHardResponse.lean	CI2ZF/Potts/Transfer/SeparatorHardResponse.lean
CI2ZF/SeparatorInsidePolynomial.lean	CI2ZF/Potts/Transfer/SeparatorInsidePolynomial.lean
CI2ZF/SeparatorRelabel.lean	CI2ZF/Potts/Geometry/SeparatorRelabel.lean
CI2ZF/SeparatorResponse.lean	CI2ZF/Potts/Transfer/SeparatorResponse.lean
CI2ZF/ShellMarginals.lean	CI2ZF/Coupling/Foundations/ShellMarginals.lean
CI2ZF/SoftFlipBoundary.lean	CI2ZF/Coupling/Vigoda/SoftFlipBoundary.lean
CI2ZF/TransferCouplingInputs.lean	CI2ZF/Potts/Transfer/TransferCouplingInputs.lean
CI2ZF/TransferLocalControls.lean	CI2ZF/Potts/Transfer/TransferLocalControls.lean
CI2ZF/TransferScales.lean	CI2ZF/Potts/Transfer/TransferScales.lean
CI2ZF/UniformInduction.lean	CI2ZF/Potts/Transfer/UniformInduction.lean
CI2ZF/UniformLocalLogs.lean	CI2ZF/Potts/Transfer/UniformLocalLogs.lean
CI2ZF/UniformZeroFreePackaging.lean	CI2ZF/Potts/Transfer/UniformZeroFreePackaging.lean
CI2ZF/VigodaArithmetic.lean	CI2ZF/Coupling/Vigoda/VigodaArithmetic.lean
CI2ZF/VigodaChargeFormula.lean	CI2ZF/Coupling/Vigoda/VigodaChargeFormula.lean
CI2ZF/VigodaFlexibleCharge.lean	CI2ZF/Coupling/Vigoda/VigodaFlexibleCharge.lean
CI2ZF/VigodaFlexibleFormula.lean	CI2ZF/Coupling/Vigoda/VigodaFlexibleFormula.lean
PottsCI/EndpointContinuity.lean	CI2ZF/Coupling/Foundations/EndpointContinuity.lean
PottsCI/FinDist.lean	CI2ZF/Coupling/Foundations/FinDist.lean
PottsCI/PathCoupling.lean	CI2ZF/Coupling/Foundations/PathCoupling.lean
PottsCI/Potts/ActiveConstraints.lean	CI2ZF/Potts/Model/Real/ActiveConstraints.lean
PottsCI/Potts/Endpoint.lean	CI2ZF/Potts/Model/Real/Endpoint.lean
PottsCI/Potts/Model.lean	CI2ZF/Potts/Model/Real/Model.lean
PottsCI/Potts/Pinning.lean	CI2ZF/Potts/Model/Real/Pinning.lean
PottsCI/Potts/SoftKernel.lean	CI2ZF/Potts/Model/Real/SoftKernel.lean
PottsCI/TwoMetric.lean	CI2ZF/Coupling/Foundations/TwoMetric.lean
PottsCI/Vigoda/ComponentCoupling.lean	CI2ZF/Coupling/Vigoda/ComponentCoupling.lean
PottsCI/Vigoda/Endgame.lean	CI2ZF/Coupling/Vigoda/Endgame.lean
CI2ZF/Appendix/HighTemperatureZeroFree.lean	REMOVED_IMPORT_ONLY_WRAPPER
CI2ZF/Appendix/GirthResidualOriginal.lean	REMOVED_IMPORT_ONLY_WRAPPER
CI2ZF/Appendix/NearVigoda.lean	REMOVED_IMPORT_ONLY_WRAPPER
CI2ZF/Appendix/GirthFiveZeroFree.lean	REMOVED_IMPORT_ONLY_WRAPPER
CI2ZF/Appendix/CLMMTransfer.lean	REMOVED_IMPORT_ONLY_WRAPPER
CI2ZF/Appendix/GirthHigh.lean	REMOVED_IMPORT_ONLY_WRAPPER
CI2ZF/Appendix/CVZeroFree.lean	REMOVED_IMPORT_ONLY_WRAPPER
CI2ZF/Appendix/GirthFiveClosedPoincare.lean	REMOVED_IMPORT_ONLY_WRAPPER
CI2ZF/Appendix/BBRHigh.lean	REMOVED_IMPORT_ONLY_WRAPPER
CI2ZF/Appendix/EdgePottsZeroFree.lean	REMOVED_IMPORT_ONLY_WRAPPER
